frame,time_s,centL_x,centL_y,centL_z,vLx,vLy,vLz,vL_sx,vL_sy,vL_sz,uLx,uLy,uLz,thetaL_xy_deg,speedL,centR_x,centR_y,centR_z,vRx,vRy,vRz,vR_sx,vR_sy,vR_sz,uRx,uRy,uRz,thetaR_xy_deg,speedR,is_milestone
0,0.0,0.1639057844877243,0.22363996505737305,-0.1050344854593277,0.0,0.0,0.0,0.0,0.0,0.0,0.0,0.0,0.0,45.0,0.0,0.16514135897159576,-0.14121919870376587,-0.09112655371427536,0.0,0.0,0.0,0.0,0.0,0.0,0.0,0.0,0.0,45.0,0.0,1
1,0.03333333333333333,0.1589057892560959,0.22363996505737305,-0.1050344854593277,-0.004999995231628418,0.0,0.0,-0.0019999980926513673,0.0,0.0,-1.0,0.0,0.0,179.99999997135208,0.0019999980926513673,0.16014136373996735,-0.14121919870376587,-0.09112655371427536,-0.004999995231628418,0.0,0.0,-0.0019999980926513673,0.0,0.0,-1.0,0.0,0.0,179.99999997135208,0.0019999980926513673,0
2,0.06666666666666667,0.15390579402446747,0.22363996505737305,-0.1050344854593277,-0.004999995231628418,0.0,0.0,-0.0031999969482421876,0.0,0.0,-1.0,0.0,0.0,179.99999998209506,0.0031999969482421876,0.15514136850833893,-0.14121919870376587,-0.09112655371427536,-0.004999995231628418,0.0,0.0,-0.0031999969482421876,0.0,0.0,-1.0,0.0,0.0,179.99999998209506,0.0031999969482421876,0
3,0.1,0.14890579879283905,0.22363996505737305,-0.1050344854593277,-0.004999995231628418,0.0,0.0,-0.0039199962615966795,0.0,0.0,-1.0,0.0,0.0,179.9999999853837,0.0039199962615966795,0.1501413732767105,-0.14121919870376587,-0.09112655371427536,-0.004999995231628418,0.0,0.0,-0.0039199962615966795,0.0,0.0,-1.0,0.0,0.0,179.9999999853837,0.0039199962615966795,0
4,0.13333333333333333,0.14390580356121063,0.22363996505737305,-0.1050344854593277,-0.004999995231628418,0.0,0.0,-0.004351995849609375,0.0,0.0,-1.0,0.0,0.0,179.99999998683458,0.004351995849609375,0.1451413780450821,-0.14121919870376587,-0.09112655371427536,-0.004999995231628418,0.0,0.0,-0.004351995849609375,0.0,0.0,-1.0,0.0,0.0,179.99999998683458,0.004351995849609375,0
5,0.16666666666666666,0.1389058232307434,0.22363996505737305,-0.1050344854593277,-0.004999980330467224,0.0,0.0,-0.004611189641952515,0.0,0.0,-1.0,0.0,0.0,179.99999998757463,0.004611189641952515,0.14014138281345367,-0.14121919870376587,-0.09112655371427536,-0.004999995231628418,0.0,0.0,-0.004611195602416992,0.0,0.0,-1.0,0.0,0.0,179.99999998757465,0.004611195602416992,0
6,0.2,0.133905827999115,0.22363996505737305,-0.1050344854593277,-0.004999995231628418,0.0,0.0,-0.004766711877822877,0.0,0.0,-1.0,0.0,0.0,179.99999998798003,0.004766711877822877,0.13514137268066406,-0.14121919870376587,-0.09112655371427536,-0.005000010132789612,0.0,0.0,-0.00476672141456604,0.0,0.0,-1.0,0.0,0.0,179.99999998798006,0.00476672141456604,0
7,0.23333333333333334,0.12890581786632538,0.22363996505737305,-0.1050344854593277,-0.005000010132789612,0.0,0.0,-0.004860031179809571,0.0,0.0,-1.0,0.0,0.0,179.99999998821082,0.004860031179809571,0.13014137744903564,-0.14121919870376587,-0.09112655371427536,-0.004999995231628418,0.0,0.0,-0.004860030941390991,0.0,0.0,-1.0,0.0,0.0,179.99999998821082,0.004860030941390991,0
8,0.26666666666666666,0.12390582263469696,0.22363996505737305,-0.1050344854593277,-0.004999995231628418,0.0,0.0,-0.004916016800537109,0.0,0.0,-1.0,0.0,0.0,179.99999998834508,0.004916016800537109,0.12514138221740723,-0.14121919870376587,-0.09112655371427536,-0.004999995231628418,0.0,0.0,-0.004916016657485962,0.0,0.0,-1.0,0.0,0.0,179.99999998834508,0.004916016657485962,0
9,0.3,0.11890581995248795,0.22363996505737305,-0.1050344854593277,-0.005000002682209015,0.0,0.0,-0.004949611153205871,0.0,0.0,-1.0,0.0,0.0,179.99999998842418,0.004949611153205871,0.12014137953519821,-0.14121919870376587,-0.09112655371427536,-0.005000002682209015,0.0,0.0,-0.004949611067375183,0.0,0.0,-1.0,0.0,0.0,179.99999998842418,0.004949611067375183,0
10,0.3333333333333333,0.11390582472085953,0.22363996505737305,-0.1050344854593277,-0.004999995231628418,0.0,0.0,-0.00496976478457489,0.0,0.0,-1.0,0.0,0.0,179.99999998847113,0.00496976478457489,0.1151413768529892,-0.14121919870376587,-0.09112655371427536,-0.005000002682209015,0.0,0.0,-0.004969767713308716,0.0,0.0,-1.0,0.0,0.0,179.99999998847113,0.004969767713308716,0
11,0.36666666666666664,0.10890581458806992,0.22363996505737305,-0.1050344854593277,-0.005000010132789612,0.0,0.0,-0.004981862923860779,0.0,0.0,-1.0,0.0,0.0,179.99999998849913,0.004981862923860779,0.11014138162136078,-0.14121919870376587,-0.09112655371427536,-0.004999995231628418,0.0,0.0,-0.004981858720636597,0.0,0.0,-1.0,0.0,0.0,179.99999998849913,0.004981858720636597,0
12,0.4,0.1039058119058609,0.22363996505737305,-0.1050344854593277,-0.005000002682209015,0.0,0.0,-0.004989118827200073,0.0,0.0,-1.0,0.0,0.0,179.99999998851587,0.004989118827200073,0.10514138638973236,-0.14121919870376587,-0.09112655371427536,-0.004999995231628418,0.0,0.0,-0.004989113325033325,0.0,0.0,-1.0,0.0,0.0,179.99999998851584,0.004989113325033325,0
13,0.43333333333333335,0.09890580922365189,0.22363996505737305,-0.1050344854593277,-0.005000002682209015,0.0,0.0,-0.00499347236920365,0.0,0.0,-1.0,0.0,0.0,179.99999998852584,0.00499347236920365,0.10014137625694275,-0.14121919870376587,-0.09112655371427536,-0.005000010132789612,0.0,0.0,-0.00499347204813584,0.0,0.0,-1.0,0.0,0.0,179.99999998852584,0.00499347204813584,0
14,0.4666666666666667,0.09390581399202347,0.22363996505737305,-0.1050344854593277,-0.004999995231628418,0.0,0.0,-0.004996081514173557,0.0,0.0,-1.0,0.0,0.0,179.99999998853187,0.004996081514173557,0.09514138102531433,-0.14121919870376587,-0.09112655371427536,-0.004999995231628418,0.0,0.0,-0.004996081321532871,0.0,0.0,-1.0,0.0,0.0,179.99999998853187,0.004996081321532871,0
15,0.5,0.08890581130981445,0.22363996505737305,-0.1050344854593277,-0.005000002682209015,0.0,0.0,-0.00499764998138774,0.0,0.0,-1.0,0.0,0.0,179.99999998853545,0.00499764998138774,0.09014137834310532,-0.14121919870376587,-0.09112655371427536,-0.005000002682209015,0.0,0.0,-0.004997649865803328,0.0,0.0,-1.0,0.0,0.0,179.99999998853545,0.004997649865803328,0
16,0.5333333333333333,0.08390580862760544,0.22363996505737305,-0.1050344854593277,-0.005000002682209015,0.0,0.0,-0.00499859106171625,0.0,0.0,-1.0,0.0,0.0,179.9999999885376,0.00499859106171625,0.0851413756608963,-0.14121919870376587,-0.09112655371427536,-0.005000002682209015,0.0,0.0,-0.0049985909923656036,0.0,0.0,-1.0,0.0,0.0,179.9999999885376,0.0049985909923656036,0
17,0.5666666666666667,0.07890581339597702,0.22363996505737305,-0.1050344854593277,-0.004999995231628418,0.0,0.0,-0.004999152729681117,0.0,0.0,-1.0,0.0,0.0,179.99999998853892,0.004999152729681117,0.08014138042926788,-0.14121919870376587,-0.09112655371427536,-0.004999995231628418,0.0,0.0,-0.0049991526880707295,0.0,0.0,-1.0,0.0,0.0,179.99999998853892,0.0049991526880707295,0
18,0.6,0.0739058181643486,0.22363996505737305,-0.1050344854593277,-0.004999995231628418,0.0,0.0,-0.004999489730460037,0.0,0.0,-1.0,0.0,0.0,179.99999998853968,0.004999489730460037,0.07514137029647827,-0.14121919870376587,-0.09112655371427536,-0.005000010132789612,0.0,0.0,-0.004999495665958283,0.0,0.0,-1.0,0.0,0.0,179.99999998853968,0.004999495665958283,0
19,0.6333333333333333,0.06890581548213959,0.22363996505737305,-0.1050344854593277,-0.005000002682209015,0.0,0.0,-0.0049996949111596285,0.0,0.0,-1.0,0.0,0.0,179.99999998854017,0.0049996949111596285,0.07014136761426926,-0.14121919870376587,-0.09112655371427536,-0.005000002682209015,0.0,0.0,-0.004999698472458576,0.0,0.0,-1.0,0.0,0.0,179.99999998854017,0.004999698472458576,0
20,0.6666666666666666,0.06390581279993057,0.22363996505737305,-0.1050344854593277,-0.005000002682209015,0.0,0.0,-0.004999818019579383,0.0,0.0,-1.0,0.0,0.0,179.99999998854042,0.004999818019579383,0.06514136493206024,-0.14121919870376587,-0.09112655371427536,-0.005000002682209015,0.0,0.0,-0.004999820156358752,0.0,0.0,-1.0,0.0,0.0,179.99999998854042,0.004999820156358752,0
21,0.7,0.05890581011772156,0.22363996505737305,-0.1050344854593277,-0.005000002682209015,0.0,0.0,-0.004999891884631236,0.0,0.0,-1.0,0.0,0.0,179.9999999885406,0.004999891884631236,0.06014137342572212,-0.14121919870376587,-0.09112655371427536,-0.0049999915063381195,0.0,0.0,-0.004999888696350499,0.0,0.0,-1.0,0.0,0.0,179.9999999885406,0.004999888696350499,0
22,0.7333333333333333,0.05390581116080284,0.22363996505737305,-0.1050344854593277,-0.004999998956918716,0.0,0.0,-0.004999934713546228,0.0,0.0,-1.0,0.0,0.0,179.99999998854068,0.004999934713546228,0.05514135956764221,-0.14121919870376587,-0.09112655371427536,-0.00500001385807991,0.0,0.0,-0.004999938761042264,0.0,0.0,-1.0,0.0,0.0,179.9999999885407,0.004999938761042264,0
23,0.7666666666666667,0.048905812203884125,0.22363996505737305,-0.1050344854593277,-0.004999998956918716,0.0,0.0,-0.004999960410895224,0.0,0.0,-1.0,0.0,0.0,179.99999998854074,0.004999960410895224,0.050141360610723495,-0.14121919870376587,-0.09112655371427536,-0.004999998956918716,0.0,0.0,-0.004999962839392845,0.0,0.0,-1.0,0.0,0.0,179.99999998854076,0.004999962839392845,0
24,0.8,0.04390581324696541,0.22363996505737305,-0.1050344854593277,-0.004999998956918716,0.0,0.0,-0.004999975829304621,0.0,0.0,-1.0,0.0,0.0,179.9999999885408,0.004999975829304621,0.04514135792851448,-0.14121919870376587,-0.09112655371427536,-0.005000002682209015,0.0,0.0,-0.004999978776519313,0.0,0.0,-1.0,0.0,0.0,179.9999999885408,0.004999978776519313,0
25,0.8333333333333334,0.03890581056475639,0.22363996505737305,-0.1050344854593277,-0.005000002682209015,0.0,0.0,-0.004999986570466379,0.0,0.0,-1.0,0.0,0.0,179.99999998854082,0.004999986570466379,0.04014136269688606,-0.14121919870376587,-0.09112655371427536,-0.004999995231628418,0.0,0.0,-0.004999985358562955,0.0,0.0,-1.0,0.0,0.0,179.99999998854082,0.004999985358562955,0
26,0.8666666666666667,0.03390580788254738,0.22363996505737305,-0.1050344854593277,-0.005000002682209015,0.0,0.0,-0.004999993015163433,0.0,0.0,-1.0,0.0,0.0,179.99999998854082,0.004999993015163433,0.035141363739967346,-0.14121919870376587,-0.09112655371427536,-0.004999998956918716,0.0,0.0,-0.004999990797905259,0.0,0.0,-1.0,0.0,0.0,179.99999998854082,0.004999990797905259,0
27,0.9,0.028905807062983513,0.22363996505737305,-0.1050344854593277,-0.005000000819563866,0.0,0.0,-0.004999996136923606,0.0,0.0,-1.0,0.0,0.0,179.99999998854085,0.004999996136923606,0.03014136664569378,-0.14121919870376587,-0.09112655371427536,-0.004999997094273567,0.0,0.0,-0.004999993316452582,0.0,0.0,-1.0,0.0,0.0,179.99999998854082,0.004999993316452582,0
28,0.9333333333333333,0.023905811831355095,0.22363996505737305,-0.1050344854593277,-0.004999995231628418,0.0,0.0,-0.004999995774805531,0.0,0.0,-1.0,0.0,0.0,179.99999998854085,0.004999995774805531,0.025141369551420212,-0.14121919870376587,-0.09112655371427536,-0.004999997094273567,0.0,0.0,-0.004999994827580977,0.0,0.0,-1.0,0.0,0.0,179.99999998854085,0.004999994827580977,0
29,0.9666666666666667,0.018905814737081528,0.22363996505737305,-0.1050344854593277,-0.004999997094273567,0.0,0.0,-0.004999996302592746,0.0,0.0,-1.0,0.0,0.0,179.99999998854085,0.004999996302592746,0.020141372457146645,-0.14121919870376587,-0.09112655371427536,-0.004999997094273567,0.0,0.0,-0.004999995734258012,0.0,0.0,-1.0,0.0,0.0,179.99999998854085,0.004999995734258012,0
30,1.0,0.013905811123549938,0.22363996505737305,-0.1050344854593277,-0.0050000036135315895,0.0,0.0,-0.004999999226968283,0.0,0.0,-1.0,0.0,0.0,179.99999998854085,0.004999999226968283,0.015141371637582779,-0.14121919870376587,-0.09112655371427536,-0.005000000819563866,0.0,0.0,-0.004999997768380353,0.0,0.0,-1.0,0.0,0.0,179.99999998854085,0.004999997768380353,0
31,1.0333333333333334,0.008905814960598946,0.22363996505737305,-0.1050344854593277,-0.004999996162950993,0.0,0.0,-0.004999998001361367,0.0,0.0,-1.0,0.0,0.0,179.99999998854085,0.004999998001361367,0.010141371749341488,-0.14121919870376587,-0.09112655371427536,-0.004999999888241291,0.0,0.0,-0.0049999986163247285,0.0,0.0,-1.0,0.0,0.0,179.99999998854085,0.0049999986163247285,0
32,1.0666666666666667,0.0039058139082044363,0.22363996505737305,-0.1050344854593277,-0.005000000819563866,0.0,0.0,-0.0049999991286423665,0.0,0.0,-1.0,0.0,0.0,179.99999998854085,0.0049999991286423665,0.005141373258084059,-0.14121919870376587,-0.09112655371427536,-0.004999998491257429,0.0,0.0,-0.004999998566297809,0.0,0.0,-1.0,0.0,0.0,179.99999998854085,0.004999998566297809,0
33,1.1,-0.0010941856307908893,0.22363996505737305,-0.1050344854593277,-0.004999999422580004,0.0,0.0,-0.004999999246217421,0.0,0.0,-1.0,0.0,0.0,179.99999998854085,0.004999999246217421,0.0001413729041814804,-0.14121919870376587,-0.09112655371427536,-0.005000000353902578,0.0,0.0,-0.004999999281339717,0.0,0.0,-1.0,0.0,0.0,179.99999998854085,0.004999999281339717,0
34,1.1333333333333333,-0.0060941847041249275,0.22363996505737305,-0.1050344854593277,-0.004999998956918716,0.0,0.0,-0.0049999991304979395,0.0,0.0,-1.0,0.0,0.0,179.99999998854085,0.0049999991304979395,-0.004858626518398523,-0.14121919870376587,-0.09112655371427536,-0.004999999422580004,0.0,0.0,-0.004999999337835832,0.0,0.0,-1.0,0.0,0.0,179.99999998854085,0.004999999337835832,0
35,1.1666666666666667,-0.011094184592366219,0.22363996505737305,-0.1050344854593277,-0.004999999888241291,0.0,0.0,-0.00499999943359528,0.0,0.0,-1.0,0.0,0.0,179.99999998854085,0.00499999943359528,-0.009858626872301102,-0.14121919870376587,-0.09112655371427536,-0.005000000353902578,0.0,0.0,-0.004999999744262531,0.0,0.0,-1.0,0.0,0.0,179.99999998854085,0.004999999744262531,0
36,1.2,-0.016094183549284935,0.22363996505737305,-0.1050344854593277,-0.004999998956918716,0.0,0.0,-0.004999999242924654,0.0,0.0,-1.0,0.0,0.0,179.99999998854085,0.004999999242924654,-0.014858625829219818,-0.14121919870376587,-0.09112655371427536,-0.004999998956918716,0.0,0.0,-0.004999999429325005,0.0,0.0,-1.0,0.0,0.0,179.99999998854085,0.004999999429325005,0
37,1.2333333333333334,-0.02109418623149395,0.22363996505737305,-0.1050344854593277,-0.005000002682209015,0.0,0.0,-0.005000000618638398,0.0,0.0,-1.0,0.0,0.0,179.99999998854085,0.005000000618638398,-0.019858624786138535,-0.14121919870376587,-0.09112655371427536,-0.004999998956918716,0.0,0.0,-0.00499999924036249,0.0,0.0,-1.0,0.0,0.0,179.99999998854085,0.00499999924036249,0
38,1.2666666666666666,-0.026094185188412666,0.22363996505737305,-0.1050344854593277,-0.004999998956918716,0.0,0.0,-0.004999999953950526,0.0,0.0,-1.0,0.0,0.0,179.99999998854085,0.004999999953950526,-0.024858621880412102,-0.14121919870376587,-0.09112655371427536,-0.004999997094273567,0.0,0.0,-0.004999998381926921,0.0,0.0,-1.0,0.0,0.0,179.99999998854085,0.004999998381926921,0
39,1.3,-0.031094184145331383,0.22363996505737305,-0.1050344854593277,-0.004999998956918716,0.0,0.0,-0.004999999555137802,0.0,0.0,-1.0,0.0,0.0,179.99999998854085,0.004999999555137802,-0.029858624562621117,-0.14121919870376587,-0.09112655371427536,-0.005000002682209015,0.0,0.0,-0.005000000102039759,0.0,0.0,-1.0,0.0,0.0,179.99999998854085,0.005000000102039759,0
40,1.3333333333333333,-0.03609418496489525,0.22363996505737305,-0.1050344854593277,-0.005000000819563866,0.0,0.0,-0.005000000060908227,0.0,0.0,-1.0,0.0,0.0,179.99999998854085,0.005000000060908227,-0.03485862538218498,-0.14121919870376587,-0.09112655371427536,-0.005000000819563866,0.0,0.0,-0.005000000389049401,0.0,0.0,-1.0,0.0,0.0,179.99999998854085,0.005000000389049401,0
41,1.3666666666666667,-0.041094183921813965,0.22363996505737305,-0.1050344854593277,-0.004999998956918716,0.0,0.0,-0.004999999619312423,0.0,0.0,-1.0,0.0,0.0,179.99999998854085,0.004999999619312423,-0.039858628064394,-0.14121919870376587,-0.09112655371427536,-0.005000002682209015,0.0,0.0,-0.005000001306313247,0.0,0.0,-1.0,0.0,0.0,179.99999998854085,0.005000001306313247,0
42,1.4,-0.04609418287873268,0.22363996505737305,-0.1050344854593277,-0.004999998956918716,0.0,0.0,-0.004999999354354941,0.0,0.0,-1.0,0.0,0.0,179.99999998854085,0.004999999354354941,-0.044858627021312714,-0.14121919870376587,-0.09112655371427536,-0.004999998956918716,0.0,0.0,-0.0050000003665554345,0.0,0.0,-1.0,0.0,0.0,179.99999998854085,0.0050000003665554345,0
43,1.4333333333333333,-0.0510941818356514,0.22363996505737305,-0.1050344854593277,-0.004999998956918716,0.0,0.0,-0.004999999195380451,0.0,0.0,-1.0,0.0,0.0,179.99999998854085,0.004999999195380451,-0.04985862225294113,-0.14121919870376587,-0.09112655371427536,-0.004999995231628418,0.0,0.0,-0.004999998312584628,0.0,0.0,-1.0,0.0,0.0,179.99999998854085,0.004999998312584628,0
44,1.4666666666666666,-0.056094180792570114,0.22363996505737305,-0.1050344854593277,-0.004999998956918716,0.0,0.0,-0.004999999099995758,0.0,0.0,-1.0,0.0,0.0,179.99999998854085,0.004999999099995758,-0.05485862120985985,-0.14121919870376587,-0.09112655371427536,-0.004999998956918716,0.0,0.0,-0.004999998570318263,0.0,0.0,-1.0,0.0,0.0,179.99999998854085,0.004999998570318263,0
45,1.5,-0.06109418720006943,0.22363996505737305,-0.1050344854593277,-0.005000006407499313,0.0,0.0,-0.0050000020229971805,0.0,0.0,-1.0,0.0,0.0,179.99999998854085,0.0050000020229971805,-0.05985862389206886,-0.14121919870376587,-0.09112655371427536,-0.005000002682209015,0.0,0.0,-0.005000000215074564,0.0,0.0,-1.0,0.0,0.0,179.99999998854085,0.005000000215074564,0
46,1.5333333333333334,-0.06609418243169785,0.22363996505737305,-0.1050344854593277,-0.004999995231628418,0.0,0.0,-0.004999999306449675,0.0,0.0,-1.0,0.0,0.0,179.99999998854085,0.004999999306449675,-0.06485862284898758,-0.14121919870376587,-0.09112655371427536,-0.004999998956918716,0.0,0.0,-0.004999999711812225,0.0,0.0,-1.0,0.0,0.0,179.99999998854085,0.004999999711812225,0
47,1.5666666666666667,-0.07109417766332626,0.22363996505737305,-0.1050344854593277,-0.004999995231628418,0.0,0.0,-0.004999997676521172,0.0,0.0,-1.0,0.0,0.0,179.99999998854085,0.004999997676521172,-0.0698586255311966,-0.14121919870376587,-0.09112655371427536,-0.005000002682209015,0.0,0.0,-0.005000000899970941,0.0,0.0,-1.0,0.0,0.0,179.99999998854085,0.005000000899970941,0
48,1.6,-0.07609418779611588,0.22363996505737305,-0.1050344854593277,-0.005000010132789612,0.0,0.0,-0.005000002659028549,0.0,0.0,-1.0,0.0,0.0,179.99999998854085,0.005000002659028549,-0.07485862821340561,-0.14121919870376587,-0.09112655371427536,-0.005000002682209015,0.0,0.0,-0.005000001612866171,0.0,0.0,-1.0,0.0,0.0,179.99999998854085,0.005000001612866171,0
49,1.6333333333333333,-0.0810941830277443,0.22363996505737305,-0.1050344854593277,-0.004999995231628418,0.0,0.0,-0.004999999688068496,0.0,0.0,-1.0,0.0,0.0,179.99999998854085,0.004999999688068496,-0.07985863089561462,-0.14121919870376587,-0.09112655371427536,-0.005000002682209015,0.0,0.0,-0.005000002040603309,0.0,0.0,-1.0,0.0,0.0,179.99999998854085,0.005000002040603309,0
50,1.6666666666666667,-0.08609418570995331,0.22363996505737305,-0.1050344854593277,-0.005000002682209015,0.0,0.0,-0.005000000885724704,0.0,0.0,-1.0,0.0,0.0,179.99999998854085,0.005000000885724704,-0.08485863357782364,-0.14121919870376587,-0.09112655371427536,-0.005000002682209015,0.0,0.0,-0.005000002297245591,0.0,0.0,-1.0,0.0,0.0,179.99999998854085,0.005000002297245591,0
51,1.7,-0.09109418094158173,0.22363996505737305,-0.1050344854593277,-0.004999995231628418,0.0,0.0,-0.004999998624086189,0.0,0.0,-1.0,0.0,0.0,179.99999998854085,0.004999998624086189,-0.08985862880945206,-0.14121919870376587,-0.09112655371427536,-0.004999995231628418,0.0,0.0,-0.0049999994709987216,0.0,0.0,-1.0,0.0,0.0,179.99999998854085,0.0049999994709987216,0
52,1.7333333333333334,-0.09609418362379074,0.22363996505737305,-0.1050344854593277,-0.005000002682209015,0.0,0.0,-0.00500000024733532,0.0,0.0,-1.0,0.0,0.0,179.99999998854085,0.00500000024733532,-0.09485863149166107,-0.14121919870376587,-0.09112655371427536,-0.005000002682209015,0.0,0.0,-0.005000000755482839,0.0,0.0,-1.0,0.0,0.0,179.99999998854085,0.005000000755482839,0
53,1.7666666666666666,-0.10109419375658035,0.22363996505737305,-0.1050344854593277,-0.005000010132789612,0.0,0.0,-0.005000004201517036,0.0,0.0,-1.0,0.0,0.0,179.99999998854085,0.005000004201517036,-0.09985863417387009,-0.14121919870376587,-0.09112655371427536,-0.005000002682209015,0.0,0.0,-0.005000001526173309,0.0,0.0,-1.0,0.0,0.0,179.99999998854085,0.005000001526173309,0
54,1.8,-0.10609418898820877,0.22363996505737305,-0.1050344854593277,-0.004999995231628418,0.0,0.0,-0.005000000613561589,0.0,0.0,-1.0,0.0,0.0,179.99999998854085,0.005000000613561589,-0.1048586443066597,-0.14121919870376587,-0.09112655371427536,-0.005000010132789612,0.0,0.0,-0.0050000049688198305,0.0,0.0,-1.0,0.0,0.0,179.99999998854085,0.0050000049688198305,0
55,1.8333333333333333,-0.11109418421983719,0.22363996505737305,-0.1050344854593277,-0.004999995231628418,0.0,0.0,-0.004999998460788321,0.0,0.0,-1.0,0.0,0.0,179.99999998854085,0.004999998460788321,-0.10985863953828812,-0.14121919870376587,-0.09112655371427536,-0.004999995231628418,0.0,0.0,-0.005000001073943265,0.0,0.0,-1.0,0.0,0.0,179.99999998854085,0.005000001073943265,0
56,1.8666666666666667,-0.1160941943526268,0.22363996505737305,-0.1050344854593277,-0.005000010132789612,0.0,0.0,-0.005000003129588837,0.0,0.0,-1.0,0.0,0.0,179.99999998854085,0.005000003129588837,-0.11485863476991653,-0.14121919870376587,-0.09112655371427536,-0.004999995231628418,0.0,0.0,-0.004999998737017326,0.0,0.0,-1.0,0.0,0.0,179.99999998854085,0.004999998737017326,0
57,1.9,-0.12109418958425522,0.22363996505737305,-0.1050344854593277,-0.004999995231628418,0.0,0.0,-0.00499999997040467,0.0,0.0,-1.0,0.0,0.0,179.99999998854085,0.00499999997040467,-0.11985863000154495,-0.14121919870376587,-0.09112655371427536,-0.004999995231628418,0.0,0.0,-0.004999997334861762,0.0,0.0,-1.0,0.0,0.0,179.99999998854085,0.004999997334861762,0
58,1.9333333333333333,-0.12609419226646423,0.22363996505737305,-0.1050344854593277,-0.005000002682209015,0.0,0.0,-0.005000001055126407,0.0,0.0,-1.0,0.0,0.0,179.99999998854085,0.005000001055126407,-0.12485864013433456,-0.14121919870376587,-0.09112655371427536,-0.005000010132789612,0.0,0.0,-0.0050000024540329015,0.0,0.0,-1.0,0.0,0.0,179.99999998854085,0.0050000024540329015,0
59,1.9666666666666666,-0.13109418749809265,0.22363996505737305,-0.1050344854593277,-0.004999995231628418,0.0,0.0,-0.004999998725727211,0.0,0.0,-1.0,0.0,0.0,179.99999998854085,0.004999998725727211,-0.12985864281654358,-0.14121919870376587,-0.09112655371427536,-0.005000002682209015,0.0,0.0,-0.0050000025453033475,0.0,0.0,-1.0,0.0,0.0,179.99999998854085,0.0050000025453033475,0
60,2.0,-0.13609418272972107,0.22363996505737305,-0.1050344854593277,-0.004999995231628418,0.0,0.0,-0.004999997328087694,0.0,0.0,-1.0,0.0,0.0,179.99999998854085,0.004999997328087694,-0.134858638048172,-0.14121919870376587,-0.09112655371427536,-0.004999995231628418,0.0,0.0,-0.004999999619833375,0.0,0.0,-1.0,0.0,0.0,179.99999998854085,0.004999999619833375,0
61,2.033333333333333,-0.14109419286251068,0.22363996505737305,-0.1050344854593277,-0.005000010132789612,0.0,0.0,-0.005000002449968462,0.0,0.0,-1.0,0.0,0.0,179.99999998854085,0.005000002449968462,-0.13985861837863922,-0.14121919870376587,-0.09112655371427536,-0.004999980330467224,0.0,0.0,-0.004999991904086915,0.0,0.0,-1.0,0.0,0.0,179.99999998854082,0.004999991904086915,0
62,2.066666666666667,-0.1460941880941391,0.22363996505737305,-0.1050344854593277,-0.004999995231628418,0.0,0.0,-0.004999999562632444,0.0,0.0,-1.0,0.0,0.0,179.99999998854085,0.004999999562632444,-0.14485862851142883,-0.14121919870376587,-0.09112655371427536,-0.005000010132789612,0.0,0.0,-0.004999999195567994,0.0,0.0,-1.0,0.0,0.0,179.99999998854085,0.004999999195567994,0
63,2.1,-0.15109418332576752,0.22363996505737305,-0.1050344854593277,-0.004999995231628418,0.0,0.0,-0.004999997830230834,0.0,0.0,-1.0,0.0,0.0,179.99999998854085,0.004999997830230834,-0.14985860884189606,-0.14121919870376587,-0.09112655371427536,-0.004999980330467224,0.0,0.0,-0.004999991649527686,0.0,0.0,-1.0,0.0,0.0,179.99999998854082,0.004999991649527686,0
64,2.1333333333333333,-0.15609417855739594,0.22363996505737305,-0.1050344854593277,-0.004999995231628418,0.0,0.0,-0.004999996790789867,0.0,0.0,-1.0,0.0,0.0,179.99999998854085,0.004999996790789867,-0.15485861897468567,-0.14121919870376587,-0.09112655371427536,-0.005000010132789612,0.0,0.0,-0.004999999042832456,0.0,0.0,-1.0,0.0,0.0,179.99999998854085,0.004999999042832456,0
65,2.1666666666666665,-0.16109417378902435,0.22363996505737305,-0.1050344854593277,-0.004999995231628418,0.0,0.0,-0.004999996167125287,0.0,0.0,-1.0,0.0,0.0,179.99999998854085,0.004999996167125287,-0.1598585993051529,-0.14121919870376587,-0.09112655371427536,-0.004999980330467224,0.0,0.0,-0.0049999915578863635,0.0,0.0,-1.0,0.0,0.0,179.99999998854082,0.0049999915578863635,0
66,2.2,-0.16609418392181396,0.22363996505737305,-0.1050344854593277,-0.005000010132789612,0.0,0.0,-0.005000001753391017,0.0,0.0,-1.0,0.0,0.0,179.99999998854085,0.005000001753391017,-0.1648586243391037,-0.14121919870376587,-0.09112655371427536,-0.005000025033950806,0.0,0.0,-0.00500000494831214,0.0,0.0,-1.0,0.0,0.0,179.99999998854085,0.00500000494831214,0
67,2.2333333333333334,-0.1710941642522812,0.22363996505737305,-0.1050344854593277,-0.004999980330467224,0.0,0.0,-0.0049999931842215,0.0,0.0,-1.0,0.0,0.0,179.99999998854082,0.0049999931842215,-0.16985858976840973,-0.14121919870376587,-0.09112655371427536,-0.00499996542930603,0.0,0.0,-0.004999989140709696,0.0,0.0,-1.0,0.0,0.0,179.99999998854082,0.004999989140709696,0
68,2.2666666666666666,-0.1760941743850708,0.22363996505737305,-0.1050344854593277,-0.005000010132789612,0.0,0.0,-0.004999999963648745,0.0,0.0,-1.0,0.0,0.0,179.99999998854085,0.004999999963648745,-0.17485861480236053,-0.14121919870376587,-0.09112655371427536,-0.005000025033950806,0.0,0.0,-0.00500000349800614,0.0,0.0,-1.0,0.0,0.0,179.99999998854085,0.00500000349800614,0
69,2.3,-0.18109416961669922,0.22363996505737305,-0.1050344854593277,-0.004999995231628418,0.0,0.0,-0.004999998070840614,0.0,0.0,-1.0,0.0,0.0,179.99999998854085,0.004999998070840614,-0.17985858023166656,-0.14121919870376587,-0.09112655371427536,-0.00499996542930603,0.0,0.0,-0.004999988270526097,0.0,0.0,-1.0,0.0,0.0,179.99999998854082,0.004999988270526097,0
70,2.3333333333333335,-0.18609414994716644,0.22363996505737305,-0.1050344854593277,-0.004999980330467224,0.0,0.0,-0.0049999909746912576,0.0,0.0,-1.0,0.0,0.0,179.99999998854082,0.0049999909746912576,-0.18485860526561737,-0.14121919870376587,-0.09112655371427536,-0.005000025033950806,0.0,0.0,-0.00500000297589598,0.0,0.0,-1.0,0.0,0.0,179.99999998854085,0.00500000297589598,0
71,2.3666666666666667,-0.18609414994716644,0.22363996505737305,-0.1050344854593277,0.0,0.0,0.0,-0.0029999945848147545,0.0,0.0,-1.0,0.0,0.0,179.99999998090138,0.0029999945848147545,-0.1898585706949234,-0.14121919870376587,-0.09112655371427536,-0.00499996542930603,0.0,0.0,-0.0049999879572600004,0.0,0.0,-1.0,0.0,0.0,179.99999998854082,0.0049999879572600004,0
72,2.4,-0.18609414994716644,0.22363996505737305,-0.1050344854593277,0.0,0.0,0.0,-0.0017999967508888527,0.0,0.0,-1.0,0.0,0.0,179.99999996816896,0.0017999967508888527,-0.18485860526561737,-0.13621921837329865,-0.09112655371427536,0.00499996542930603,0.004999980330467224,0.0,-0.001000006602633588,0.00199999213218689,0.0,-0.4472173651700729,0.8944253061549287,0.0,116.56529262285386,0.0022360638931211763,0
73,2.433333333333333,-0.18609414994716644,0.22363996505737305,-0.1050344854593277,0.0,0.0,0.0,-0.0010799980505333117,0.0,0.0,-1.0,0.0,0.0,179.99999994694824,0.0010799980505333117,-0.17985858023166656,-0.13121920824050903,-0.09112655371427536,0.005000025033950806,0.005000010132789612,0.0,0.0014000060520001694,0.0031999993324279786,0.0,0.40082035851928827,0.9161566679321115,0.0,66.37052691981644,0.0034928516534740795,0
74,2.466666666666667,-0.18609414994716644,0.22363996505737305,-0.1050344854593277,0.0,0.0,0.0,-0.000647998830319987,0.0,0.0,-1.0,0.0,0.0,179.99999991158043,0.000647998830319987,-0.17485861480236053,-0.12621921300888062,-0.09112655371427536,0.00499996542930603,0.004999995231628418,0.0,0.002839989802922514,0.003919997692108154,0.0,0.5866955656979299,0.8098075778790824,0.0,54.07713551222535,0.004840653260339674,0
75,2.5,-0.18609414994716644,0.22363996505737305,-0.1050344854593277,0.0,0.0,0.0,-0.0003887992981919922,0.0,0.0,-1.0,0.0,0.0,179.99999985263403,0.0003887992981919922,-0.16985858976840973,-0.1212192252278328,-0.09112655371427536,0.005000025033950806,0.004999987781047821,0.0,0.0037040038953338305,0.004351993727684021,0.0,0.6481368395290269,0.7615238914474872,0.0,49.59872558918003,0.0057148485773858655,0
76,2.533333333333333,-0.18609414994716644,0.22363996505737305,-0.1050344854593277,0.0,0.0,0.0,-0.00023327957891519532,0.0,0.0,-1.0,0.0,0.0,179.99999975439007,0.00023327957891519532,-0.1648586243391037,-0.11621922254562378,-0.09112655371427536,0.00499996542930603,0.005000002682209015,0.0,0.00422238850892271,0.004611197309494018,0.0,0.6753297511262881,0.7375159166036389,0.0,47.52023749020807,0.006252335991240987,1
77,2.566666666666667,-0.18609414994716644,0.22363996505737305,-0.1050344854593277,0.0,0.0,0.0,-0.0001399677473491172,0.0,0.0,-1.0,0.0,0.0,179.9999995906501,0.0001399677473491172,-0.1598585993051529,-0.11121922731399536,-0.09112655371427536,0.005000025033950806,0.004999995231628418,0.0,0.004533443118933948,0.004766716478347778,0.0,0.6891538610661376,0.7246150397125598,0.0,46.43683309173042,0.006578274279593532,0
78,2.6,-0.18609414994716644,0.22363996505737305,-0.1050344854593277,0.0,0.0,0.0,-8.398064840947031e-05,0.0,0.0,-1.0,0.0,0.0,179.9999993177502,8.398064840947031e-05,-0.15485861897468567,-0.10621922463178635,-0.09112655371427536,0.004999980330467224,0.005000002682209015,0.0,0.004720058003547259,0.004860030959892273,0.0,0.6967010106918349,0.7173616254727988,0.0,45.837078764494095,0.0067748688908319055,0
79,2.6333333333333333,-0.18609414994716644,0.22363996505737305,-0.1050344854593277,0.0,0.0,0.0,-5.0388389045682184e-05,0.0,0.0,-1.0,0.0,0.0,179.99999886291698,5.0388389045682184e-05,-0.14985860884189606,-0.10121922194957733,-0.09112655371427536,0.005000010132789612,0.005000002682209015,0.0,0.0048320388552442,0.00491601964881897,0.0,0.7009889507931663,0.7131721327042272,0.0,45.493598391000376,0.006893174064693555,0
80,2.6666666666666665,-0.18609414994716644,0.22363996505737305,-0.1050344854593277,0.0,0.0,0.0,-3.023303342740931e-05,0.0,0.0,-1.0,0.0,0.0,179.99999810486165,3.023303342740931e-05,-0.14485862851142883,-0.09621921926736832,-0.09112655371427536,0.004999980330467224,0.005000002682209015,0.0,0.00489921544533341,0.0049496128621749885,0.0,0.7034792365590493,0.7107158108064693,0.0,45.29318554347338,0.006964264459740277,0
81,2.7,-0.18609414994716644,0.22363996505737305,-0.1050344854593277,0.0,0.0,0.0,-1.8139820056445585e-05,0.0,0.0,-1.0,0.0,0.0,179.999996841436,1.8139820056445585e-05,-0.13985861837863922,-0.0912192165851593,-0.09112655371427536,0.005000010132789612,0.005000002682209015,0.0,0.004939533320315891,0.0049697687901886,0.0,0.7049459606873566,0.7092610186035743,0.0,45.17482153834719,0.007006967336190714,0
82,2.7333333333333334,-0.18609414994716644,0.22363996505737305,-0.1050344854593277,0.0,0.0,0.0,-1.0883892033867351e-05,0.0,0.0,-1.0,0.0,0.0,179.99999473572646,1.0883892033867351e-05,-0.134858638048172,-0.08621921390295029,-0.09112655371427536,0.004999980330467224,0.005000002682209015,0.0,0.004963712124376424,0.0049818623469967665,0.0,0.7058151680175174,0.7083960393709183,0.0,45.10456208454041,0.007032594862360951,0
83,2.7666666666666666,-0.18609414994716644,0.22363996505737305,-0.1050344854593277,0.0,0.0,0.0,-6.530335220320411e-06,0.0,0.0,-1.0,0.0,0.0,179.99999122621026,6.530335220320411e-06,-0.12985864281654358,-0.08121921867132187,-0.09112655371427536,0.004999995231628418,0.004999995231628418,0.0,0.004978225367277222,0.004989115500849427,0.0,0.7063337877167308,0.7078789305592702,0.0,45.06260029147903,0.0070479785249544045,0
84,2.8,-0.18609414994716644,0.22363996505737305,-0.1050344854593277,0.0,0.0,0.0,-3.918201132192246e-06,0.0,0.0,-1.0,0.0,0.0,179.99998537701558,3.918201132192246e-06,-0.12485862523317337,-0.07621920853853226,-0.09112655371427536,0.005000017583370209,0.005000010132789612,0.0,0.004986942253714417,0.0049934733536255,0.0,0.7066439051622537,0.707569354407778,0.0,45.037493870166905,0.007057221066060644,0
85,2.8333333333333335,-0.18609414994716644,0.22363996505737305,-0.1050344854593277,0.0,0.0,0.0,-2.3509206793153478e-06,0.0,0.0,-1.0,0.0,0.0,179.99997562835514,2.3509206793153478e-06,-0.11985863000154495,-0.07121920585632324,-0.09112655371427536,0.004999995231628418,0.005000002682209015,0.0,0.004992163444880017,0.004996085085058907,0.0,0.7068290986158255,0.7073843547534392,0.0,45.022495777788755,0.0070627588120750935,0
86,2.8666666666666667,-0.18609414994716644,0.22363996505737305,-0.1050344854593277,0.0,0.0,0.0,-1.4105524075892085e-06,0.0,0.0,-1.0,0.0,0.0,179.99995938058038,1.4105524075892085e-06,-0.11485863476991653,-0.06621920317411423,-0.09112655371427536,0.004999995231628418,0.005000002682209015,0.0,0.004995296159579377,0.00499765212391895,0.0,0.7069400521444406,0.7072734709248013,0.0,45.01350820668567,0.007066081691688829,0
87,2.9,-0.18609414994716644,0.22363996505737305,-0.1050344854593277,0.0,0.0,0.0,-8.463314445535251e-07,0.0,0.0,-1.0,0.0,0.0,179.9999323009353,8.463314445535251e-07,-0.10985863953828812,-0.06121920421719551,-0.09112655371427536,0.004999995231628418,0.004999998956918716,0.0,0.004997175788398993,0.004998590857118857,0.0,0.7070066712560817,0.7072068769457739,0.0,45.008111180231246,0.0070680744490301825,0
88,2.933333333333333,-0.18609414994716644,0.22363996505737305,-0.1050344854593277,0.0,0.0,0.0,-5.077988667321151e-07,0.0,0.0,-1.0,0.0,0.0,179.99988716813664,5.077988667321151e-07,-0.1048586294054985,-0.056219205260276794,-0.09112655371427536,0.005000010132789612,0.004999998956918716,0.0,0.00499830952615524,0.004999154097038801,0.0,0.7070470433325581,0.7071665139941851,0.0,45.00484026237321,0.0070692743478516975,0
89,2.966666666666667,-0.18609414994716644,0.22363996505737305,-0.1050344854593277,0.0,0.0,0.0,-3.0467932003926905e-07,0.0,0.0,-1.0,0.0,0.0,179.99981194664753,3.0467932003926905e-07,-0.09985862672328949,-0.05121920630335808,-0.09112655371427536,0.005000002682209015,0.004999998956918716,0.0,0.00499898678857675,0.0049994920409907675,0.0,0.7070710481074782,0.7071425124599654,0.0,45.002895323516206,0.00706999219096421,0
90,3.0,-0.18609414994716644,0.22363996505737305,-0.1050344854593277,0.0,0.0,0.0,-1.8280759202356142e-07,0.0,0.0,-1.0,0.0,0.0,179.99968657706006,1.8280759202356142e-07,-0.09485862404108047,-0.04621920362114906,-0.09112655371427536,0.005000002682209015,0.005000002682209015,0.0,0.004999393146029657,0.004999696297478066,0.0,0.7070853428650394,0.7071282188581005,0.0,45.001737088025514,0.007070423954444612,0
91,3.033333333333333,-0.18609414994716644,0.22363996505737305,-0.1050344854593277,0.0,0.0,0.0,-1.0968455521413684e-07,0.0,0.0,-1.0,0.0,0.0,179.99947762652843,1.0968455521413684e-07,-0.08985862880945206,-0.04121920093894005,-0.09112655371427536,0.004999995231628418,0.005000002682209015,0.0,0.004999633980269161,0.004999818851370446,0.0,0.7070937079894476,0.7071198541419508,0.0,45.00105929134649,0.007070680906615808,0
92,3.066666666666667,-0.18609414994716644,0.22363996505737305,-0.1050344854593277,0.0,0.0,0.0,-6.58107331284821e-08,0.0,0.0,-1.0,0.0,0.0,179.99912937225568,6.58107331284821e-08,-0.08485863357782364,-0.03621920198202133,-0.09112655371427536,0.004999995231628418,0.004999998956918716,0.0,0.004999778480812863,0.004999890893589754,0.0,0.7070988320953688,0.7071147301883658,0.0,45.00064409906332,0.0070708340247103195,0
93,3.1,-0.18609414994716644,0.22363996505737305,-0.1050344854593277,0.0,0.0,0.0,-3.948643987708926e-08,0.0,0.0,-1.0,0.0,0.0,179.9985489390601,3.948643987708926e-08,-0.07985861599445343,-0.031219208613038063,-0.09112655371427536,0.005000017583370209,0.004999993368983269,0.0,0.0049998741218358015,0.00499993188374716,0.0,0.7071026967115931,0.7071108656379087,0.0,45.00033095779406,0.007070930637215638,0
94,3.1333333333333333,-0.18609414994716644,0.22363996505737305,-0.1050344854593277,0.0,0.0,0.0,-2.3691863926253557e-08,0.0,0.0,-1.0,0.0,0.0,179.99758152426784,2.3691863926253557e-08,-0.07485862076282501,-0.026219205930829048,-0.09112655371427536,0.004999995231628418,0.005000002682209015,0.0,0.004999922565752848,0.004999960203131901,0.0,0.7071041197857437,0.7071094425773344,0.0,45.0002156488252,0.007070984916998999,0
95,3.1666666666666665,-0.18609414994716644,0.22363996505737305,-0.1050344854593277,0.0,0.0,0.0,-1.4215118355752134e-08,0.0,0.0,-1.0,0.0,0.0,179.99596909368665,1.4215118355752134e-08,-0.069858618080616,-0.021219203248620033,-0.09112655371427536,0.005000002682209015,0.005000002682209015,0.0,0.004999954612335315,0.004999977194762747,0.0,0.7071051843550981,0.707108378014391,0.0,45.00012938866061,0.007071019592220116,0
96,3.2,-0.18609414994716644,0.22363996505737305,-0.1050344854593277,0.0,0.0,0.0,-8.52907101345128e-09,0.0,0.0,-1.0,0.0,0.0,179.99328150772197,8.52907101345128e-09,-0.06485862284898758,-0.016219204291701317,-0.09112655371427536,0.004999995231628418,0.004999998956918716,0.0,0.004999970860052556,0.004999985899625135,0.0,0.7071057177227738,0.707107844648722,0.0,45.00008617077602,0.007071037236348347,0
97,3.2333333333333334,-0.18609414994716644,0.22363996505737305,-0.1050344854593277,0.0,0.0,0.0,-5.117442608070767e-09,0.0,0.0,-1.0,0.0,0.0,179.98880163754927,5.117442608070767e-09,-0.059858616441488266,-0.01121920719742775,-0.09112655371427536,0.005000006407499313,0.004999997094273567,0.0,0.004999985079031259,0.004999990377484508,0.0,0.7071064065283065,0.70710715584459,0.0,45.00003035797541,0.007071050457002333,0
98,3.2666666666666666,-0.18609414994716644,0.22363996505737305,-0.1050344854593277,0.0,0.0,0.0,-3.07046556484246e-09,0.0,0.0,-1.0,0.0,0.0,179.98133363079808,3.07046556484246e-09,-0.05485861375927925,-0.006219206843525171,-0.09112655371427536,0.005000002682209015,0.005000000353902578,0.0,0.004999992120302362,0.0049999943680517364,0.0,0.7071066222464324,0.7071069401266269,0.0,45.000012878672656,0.007071058257689212,0
99,3.3,-0.18609414994716644,0.22363996505737305,-0.1050344854593277,0.0,0.0,0.0,-1.842279338905476e-09,0.0,0.0,-1.0,0.0,0.0,179.96888262814383,1.842279338905476e-09,-0.04985861852765083,-0.0012192073045298457,-0.09112655371427536,0.004999995231628418,0.004999999422580004,0.0,0.004999993364832784,0.004999996389863043,0.0,0.7071065672843551,0.7071069950886752,0.0,45.000017332164425,0.007071060567341744,0
100,3.3333333333333335,-0.18609414994716644,0.22363996505737305,-0.1050344854593277,0.0,0.0,0.0,-1.1053676033432855e-09,0.0,0.0,-1.0,0.0,0.0,179.94811893822285,1.1053676033432855e-09,-0.04485861957073212,0.00378079223446548,-0.09112655371427536,0.004999998956918716,0.004999999422580004,0.0,0.004999995601667157,0.004999997602949827,0.0,0.7071066396743825,0.7071069226986842,0.0,45.000011466512845,0.0070710630068042055,0
101,3.3666666666666667,-0.18609414994716644,0.22363996505737305,-0.1050344854593277,0.0,0.0,0.0,-6.632205620059713e-10,0.0,0.0,-1.0,0.0,0.0,179.91347937643496,6.632205620059713e-10,-0.0398586168885231,0.008780792355537415,-0.09112655371427536,0.005000002682209015,0.004999999888241291,0.0,0.0049999984338839005,0.0049999985170664125,0.0,0.7071067753046538,0.7071067870684411,0.0,45.000000476600825,0.007071065655861766,0
102,3.4,-0.18609414994716644,0.22363996505737305,-0.1050344854593277,0.0,0.0,0.0,-3.979323372035828e-10,0.0,0.0,-1.0,0.0,0.0,179.8556538409069,3.979323372035828e-10,-0.034858617931604385,0.013780791312456131,-0.09112655371427536,0.004999998956918716,0.004999998956918716,0.0,0.004999998643097827,0.004999998693007334,0.0,0.7071067776574115,0.7071067847156834,0.0,45.000000285960475,0.007071065928207371,0
103,3.433333333333333,-0.18609414994716644,0.22363996505737305,-0.1050344854593277,0.0,0.0,0.0,-2.3875940232214964e-10,0.0,0.0,-1.0,0.0,0.0,179.75901923917422,2.3875940232214964e-10,-0.02985861524939537,0.018780792132019997,-0.09112655371427536,0.005000002682209015,0.005000000819563866,0.0,0.005000000258742303,0.004999999543629946,0.0,0.7071068317526263,0.707106730620465,0.0,44.99999590270793,0.0070710676721215705,0
104,3.466666666666667,-0.18609414994716644,0.22363996505737305,-0.1050344854593277,0.0,0.0,0.0,-1.4325564139328978e-10,0.0,0.0,-1.0,0.0,0.0,179.5972403258097,1.4325564139328978e-10,-0.024858618155121803,0.023780791088938713,-0.09112655371427536,0.004999997094273567,0.004999998956918716,0.0,0.004999998992954809,0.004999999308945454,0.0,0.7071067588426305,0.7071068035304637,0.0,45.00000181049334,0.00707106661112764,0
105,3.5,-0.18609414994716644,0.22363996505737305,-0.1050344854593277,0.0,0.0,0.0,-8.595338483597387e-11,0.0,0.0,-1.0,0.0,0.0,179.32559328226836,8.595338483597387e-11,-0.019858619198203087,0.02878078632056713,-0.09112655371427536,0.004999998956918716,0.004999995231628418,0.0,0.004999998978540372,0.0049999976780186394,0.0,0.7071068731473459,0.707106689225737,0.0,44.99999254855686,0.00707106544769574,0
106,3.533333333333333,-0.18609414994716644,0.22363996505737305,-0.1050344854593277,0.0,0.0,0.0,-5.157203090158432e-11,0.0,0.0,-1.0,0.0,0.0,178.86719373038682,5.157203090158432e-11,-0.014858618378639221,0.033780787140131,-0.09112655371427536,0.005000000819563866,0.005000000819563866,0.0,0.004999999714949769,0.004999998934636729,0.0,0.7071068363630171,0.7071067260100737,0.0,44.999995529135006,0.007071066856978952,0
107,3.566666666666667,-0.18609414994716644,0.22363996505737305,-0.1050344854593277,0.0,0.0,0.0,-3.094321854095059e-11,0.0,0.0,-1.0,0.0,0.0,178.0872299194865,3.094321854095059e-11,-0.009858619421720505,0.03878078609704971,-0.09112655371427536,0.004999998956918716,0.004999998956918716,0.0,0.004999999411737349,0.004999998943549524,0.0,0.7071068142924307,0.7071067480806628,0.0,44.99999731748092,0.007071066648877678,0
108,3.6,-0.18609414994716644,0.22363996505737305,-0.1050344854593277,0.0,0.0,0.0,-1.8565931124570354e-11,0.0,0.0,-1.0,0.0,0.0,176.74176087266153,1.8565931124570354e-11,-0.004858619533479214,0.04378078505396843,-0.09112655371427536,0.004999999888241291,0.004999998956918716,0.0,0.004999999602338926,0.004999998948897201,0.0,0.7071068273918603,0.7071067349812318,0.0,44.99999625605417,0.007071066787434731,0
109,3.6333333333333333,-0.18609414994716644,0.22363996505737305,-0.1050344854593277,0.0,0.0,0.0,-1.1139558674742212e-11,0.0,0.0,-1.0,0.0,0.0,174.36749731893488,1.1139558674742212e-11,0.00014137942343950272,0.048780784010887146,-0.09112655371427536,0.004999998956918716,0.004999998956918716,0.0,0.004999999344170843,0.004999998952105808,0.0,0.7071068089097362,0.7071067534633577,0.0,44.99999775363244,0.007071066607151147,0
110,3.6666666666666665,-0.18609414994716644,0.22363996505737305,-0.1050344854593277,0.0,0.0,0.0,-6.683735204845327e-12,0.0,0.0,-1.0,0.0,0.0,170.02146972991036,6.683735204845327e-12,0.005141377914696932,0.05378078669309616,-0.09112655371427536,0.004999998491257429,0.005000002682209015,0.0,0.004999999003005478,0.005000000444147091,0.0,0.7071066792824338,0.7071068830906465,0.0,45.000008257133665,0.007071067420943381,0
111,3.7,-0.18609414994716644,0.22363996505737305,-0.1050344854593277,0.0,0.0,0.0,-4.010241122907196e-12,0.0,0.0,-1.0,0.0,0.0,161.62354874446225,4.010241122907196e-12,0.010141379199922085,0.05878078192472458,-0.09112655371427536,0.005000001285225153,0.004999995231628418,0.0,0.004999999915893348,0.004999998359139621,0.0,0.7071068912656696,0.7071066711074083,0.0,44.99999108045664,0.007071066592129676,0
112,3.7333333333333334,-0.18609414994716644,0.22363996505737305,-0.1050344854593277,0.0,0.0,0.0,-2.4061446737443176e-12,0.0,0.0,-1.0,0.0,0.0,144.5809178651097,2.4061446737443176e-12,0.015141377225518227,0.06378079205751419,-0.09112655371427536,0.004999998025596142,0.005000010132789612,0.0,0.004999999159774466,0.005000003068599617,0.0,0.707106504790878,0.7071070575821089,0.0,45.000022395913405,0.007071069387564441,0
113,3.7666666666666666,-0.18609414994716644,0.22363996505737305,-0.1050344854593277,0.0,0.0,0.0,-1.4436868042465904e-12,0.0,0.0,-1.0,0.0,0.0,113.92622954208156,1.4436868042465904e-12,0.020141376182436943,0.06878078728914261,-0.09112655371427536,0.004999998956918716,0.004999995231628418,0.0,0.0049999990786321665,0.0049999999338111376,0.0,0.707106720716254,0.7071068416568359,0.0,45.00000489981506,0.007071067113557464,0
114,3.8,-0.18609414994716644,0.22363996505737305,-0.1050344854593277,0.0,0.0,0.0,-8.662120825479542e-13,0.0,0.0,0.0,0.0,0.0,82.3797673532031,8.662120825479542e-13,0.02514137141406536,0.07378079742193222,-0.09112655371427536,0.004999995231628418,0.005000010132789612,0.0,0.004999997539830667,0.005000004013402527,0.0,0.7071063234358145,0.7071072389369844,0.0,45.00003709082883,0.007071068910168681,0
115,3.8333333333333335,-0.18609414994716644,0.22363996505737305,-0.1050344854593277,0.0,0.0,0.0,-5.197272495287725e-13,0.0,0.0,0.0,0.0,0.0,64.3462944130567,5.197272495287725e-13,0.030141372233629227,0.07878080010414124,-0.09112655371427536,0.005000000819563866,0.005000002682209015,0.0,0.004999998851723947,0.005000003480925122,0.0,0.707106453852594,0.7071071085203496,0.0,45.000026523362784,0.007071069461298207,0
116,3.8666666666666667,-0.18609414994716644,0.22363996505737305,-0.1050344854593277,0.0,0.0,0.0,-3.118363497172635e-13,0.0,0.0,0.0,0.0,0.0,55.46566475600087,3.118363497172635e-13,0.03514137119054794,0.08378079533576965,-0.09112655371427536,0.004999998956918716,0.004999995231628418,0.0,0.004999998893801855,0.005000000181206441,0.0,0.707106690153282,0.7071068722198014,0.0,45.00000737628561,0.007071067157797627,0
117,3.9,-0.18609414994716644,0.22363996505737305,-0.1050344854593277,0.0,0.0,0.0,-1.871018098303581e-13,0.0,0.0,0.0,0.0,0.0,50.89240134047832,1.871018098303581e-13,0.04014137014746666,0.08878079801797867,-0.09112655371427536,0.004999998956918716,0.005000002682209015,0.0,0.0049999989190486,0.005000001181607471,0.0,0.7071066211994591,0.7071069411736,0.0,45.00001296350729,0.007071067883040245,0
118,3.933333333333333,-0.18609414994716644,0.22363996505737305,-0.1050344854593277,0.0,0.0,0.0,-1.1226108589821485e-13,0.0,0.0,0.0,0.0,0.0,48.40328847991951,1.1226108589821485e-13,0.045141369104385376,0.09378080070018768,-0.09112655371427536,0.004999998956918716,0.005000002682209015,0.0,0.0049999989341966465,0.0050000017818480885,0.0,0.7071065798271688,0.707106982545869,0.0,45.00001631583974,0.007071068318185849,0
119,3.966666666666667,-0.18609414994716644,0.22363996505737305,-0.1050344854593277,0.0,0.0,0.0,-6.735665153892891e-14,0.0,0.0,0.0,0.0,0.0,46.99606949024009,6.735665153892891e-14,0.05014137178659439,0.0987808033823967,-0.09112655371427536,0.005000002682209015,0.005000002682209015,0.0,0.005000000433401594,0.005000002141992459,0.0,0.7071066603709496,0.7071069020021248,0.0,45.00000978950202,0.007071069632944178,0
120,4.0,-0.18609414994716644,0.22363996505737305,-0.1050344854593277,0.0,0.0,0.0,-4.0413990923357344e-14,0.0,0.0,0.0,0.0,0.0,46.18148572629572,4.0413990923357344e-14,0.055141378194093704,0.10378080606460571,-0.09112655371427536,0.005000006407499313,0.005000002682209015,0.0,0.0050000028230406815,0.005000002358079082,0.0,0.7071068140642798,0.7071067483088138,0.0,44.999997335967656,0.007071071475470402,0
121,4.033333333333333,-0.18609414994716644,0.22363996505737305,-0.1050344854593277,0.0,0.0,0.0,-2.4248394554014407e-14,0.0,0.0,0.0,0.0,0.0,45.703155656677744,2.4248394554014407e-14,0.06014137715101242,0.10878080129623413,-0.09112655371427536,0.004999998956918716,0.004999995231628418,0.0,0.005000001276591896,0.004999999507498816,0.0,0.7071069062802979,0.7071066560927749,0.0,44.9999898638441,0.007071068366301446,0
122,4.066666666666666,-0.18609414994716644,0.22363996505737305,-0.1050344854593277,0.0,0.0,0.0,-1.4549036732408645e-14,0.0,0.0,0.0,0.0,0.0,45.41984591715853,1.4549036732408645e-14,0.06514137238264084,0.11378080397844315,-0.09112655371427536,0.004999995231628418,0.005000002682209015,0.0,0.004999998858606505,0.005000000777382896,0.0,0.7071066455085497,0.7071069168645192,0.0,45.000010993779306,0.007071067554471243,0
123,4.1,-0.18609414994716644,0.22363996505737305,-0.1050344854593277,0.0,0.0,0.0,-8.729422039445187e-15,0.0,0.0,0.0,0.0,0.0,45.25117422111593,8.729422039445187e-15,0.07014137506484985,0.11878079921007156,-0.09112655371427536,0.005000002682209015,0.004999995231628418,0.0,0.005000000388047509,0.004999998559081105,0.0,0.7071069105140041,0.7071066518590674,0.0,44.99998952079332,0.007071067067373096,0
124,4.133333333333334,-0.18609414994716644,0.22363996505737305,-0.1050344854593277,0.0,0.0,0.0,-5.237653223667112e-15,0.0,0.0,0.0,0.0,0.0,45.15044134711395,5.237653223667112e-15,0.07514138519763947,0.12378079444169998,-0.09112655371427536,0.005000010132789612,0.004999995231628418,0.0,0.00500000428594435,0.00499999722810003,0.0,0.7071072802512538,0.707106282121489,0.0,44.99995956153693,0.007071068882458285,0
125,4.166666666666667,-0.18609414994716644,0.22363996505737305,-0.1050344854593277,0.0,0.0,0.0,-3.142591934200267e-15,0.0,0.0,0.0,0.0,0.0,45.09017023708467,3.142591934200267e-15,0.08014138042926788,0.128780797123909,-0.09112655371427536,0.004999995231628418,0.005000002682209015,0.0,0.005000000664217978,0.004999999409743624,0.0,0.7071068698912735,0.7071066924818104,0.0,44.99999281239146,0.007071067864164281,0
126,4.2,-0.18609414994716644,0.22363996505737305,-0.1050344854593277,0.0,0.0,0.0,-1.88555516052016e-15,0.0,0.0,0.0,0.0,0.0,45.05406813455929,1.88555516052016e-15,0.0851413905620575,0.1337808072566986,-0.09112655371427536,0.005000010132789612,0.005000010132789612,0.0,0.005000004451646631,0.00500000369896202,0.0,0.7071068344093415,0.7071067279637496,0.0,44.99999568743836,0.007071073575216143,0
127,4.233333333333333,-0.18609414994716644,0.22363996505737305,-0.1050344854593277,0.0,0.0,0.0,-1.131333096312096e-15,0.0,0.0,0.0,0.0,0.0,45.03242864616063,1.131333096312096e-15,0.09014138579368591,0.13878080248832703,-0.09112655371427536,0.004999995231628418,0.004999995231628418,0.0,0.0050000007636393454,0.005000000312028579,0.0,0.7071068131202469,0.7071067492528468,0.0,44.9999974124612,0.007071068572477566,0
128,4.266666666666667,-0.18609414994716644,0.22363996505737305,-0.1050344854593277,0.0,0.0,0.0,-6.787998577872576e-16,0.0,0.0,0.0,0.0,0.0,45.0194527850193,6.787998577872576e-16,0.09514138102531433,0.14378079771995544,-0.09112655371427536,0.004999995231628418,0.004999995231628418,0.0,0.004999998550834974,0.004999998279868515,0.0,0.7071068003467755,0.7071067620263192,0.0,44.99999844747606,0.007071065570834423,0
129,4.3,-0.18609414994716644,0.22363996505737305,-0.1050344854593277,0.0,0.0,0.0,-4.0727991467235456e-16,0.0,0.0,0.0,0.0,0.0,45.011670086430144,4.0727991467235456e-16,0.10014138370752335,0.14878080785274506,-0.09112655371427536,0.005000002682209015,0.005000010132789612,0.0,0.0050000002033845905,0.005000003021036954,0.0,0.7071065819484744,0.7071069804245645,0.0,45.000016143953644,0.007071070091876095,0
130,4.333333333333333,-0.18609414994716644,0.22363996505737305,-0.1050344854593277,0.0,0.0,0.0,-2.4436794880341273e-16,0.0,0.0,0.0,0.0,0.0,45.00700148149134,2.4436794880341273e-16,0.10514138638973236,0.1537807732820511,-0.09112655371427536,0.005000002682209015,0.00499996542930603,0.0,0.00500000119491436,0.004999987984344584,0.0,0.7071077153152885,0.7071058470565725,0.0,44.999924308928804,0.0070710601604522675,0
131,4.366666666666666,-0.18609414994716644,0.22363996505737305,-0.1050344854593277,0.0,0.0,0.0,-1.4662076928204762e-16,0.0,0.0,0.0,0.0,0.0,45.00420068358061,1.4662076928204762e-16,0.11014138162136078,0.1587807834148407,-0.09112655371427536,0.004999995231628418,0.005000010132789612,0.0,0.004999998809599983,0.004999996843722595,0.0,0.7071069201951174,0.7071066421779503,0.0,44.999988736347376,0.007071064738300531,0
132,4.4,-0.18609414994716644,0.22363996505737305,-0.1050344854593277,0.0,0.0,0.0,-8.797246156922857e-17,0.0,0.0,0.0,0.0,0.0,45.002520336239115,8.797246156922857e-17,0.1151413768529892,0.16378076374530792,-0.09112655371427536,0.004999995231628418,0.004999980330467224,0.0,0.004999997378411357,0.004999990238420447,0.0,0.7071072860605915,0.7071062763121431,0.0,44.999959090814855,0.007071059055645074,0
133,4.433333333333334,-0.18609414994716644,0.22363996505737305,-0.1050344854593277,0.0,0.0,0.0,-5.278347694153714e-17,0.0,0.0,0.0,0.0,0.0,45.001512175136966,5.278347694153714e-17,0.12014137953519821,0.16878078877925873,-0.09112655371427536,0.005000002682209015,0.005000025033950806,0.0,0.00499999949993042,0.00500000415663259,0.0,0.707106451908023,0.7071071104649188,0.0,45.00002668092832,0.007071070397446742,0
134,4.466666666666667,-0.18609414994716644,0.22363996505737305,-0.1050344854593277,0.0,0.0,0.0,-3.1670086164922284e-17,0.0,0.0,0.0,0.0,0.0,45.000907295504014,3.1670086164922284e-17,0.12514138221740723,0.17378075420856476,-0.09112655371427536,0.005000002682209015,0.00499996542930603,0.0,0.0050000007728418575,0.004999988665701966,0.0,0.7071076372910052,0.7071059250810533,0.0,44.99993063112498,0.007071060343793376,0
135,4.5,-0.18609414994716644,0.22363996505737305,-0.1050344854593277,0.0,0.0,0.0,-1.900205169895337e-17,0.0,0.0,0.0,0.0,0.0,45.00054437385431,1.900205169895337e-17,0.13014137744903564,0.17878077924251556,-0.09112655371427536,0.004999995231628418,0.005000025033950806,0.0,0.004999998556356482,0.005000003213001501,0.0,0.707106451912002,0.7071071104609397,0.0,45.0000266806059,0.00707106906299127,0
136,4.533333333333333,-0.18609414994716644,0.22363996505737305,-0.1050344854593277,0.0,0.0,0.0,-1.1401231019372021e-17,0.0,0.0,0.0,0.0,0.0,45.000326623071274,1.1401231019372021e-17,0.13514138758182526,0.1837807446718216,-0.09112655371427536,0.005000010132789612,0.00499996542930603,0.0,0.005000003186929733,0.0049999880995233136,0.0,0.7071078480274113,0.7071057143440741,0.0,44.99991355545353,0.007071061650465385,0
137,4.566666666666666,-0.18609414994716644,0.22363996505737305,-0.1050344854593277,0.0,0.0,0.0,-6.8407386116232124e-18,0.0,0.0,0.0,0.0,0.0,45.0001959733959,6.8407386116232124e-18,0.14014138281345367,0.1887807697057724,-0.09112655371427536,0.004999995231628418,0.005000025033950806,0.0,0.005000000004809207,0.00500000287329431,0.0,0.7071065783540501,0.707106984018987,0.0,45.000016435204266,0.007071069846992279,0
138,4.6,-0.18609414994716644,0.22363996505737305,-0.1050344854593277,0.0,0.0,0.0,-4.104443166973927e-18,0.0,0.0,0.0,0.0,0.0,45.00011758387666,4.104443166973927e-18,0.1451413780450821,0.19378073513507843,-0.09112655371427536,0.004999995231628418,0.00499996542930603,0.0,0.004999998095536891,0.0049999878956989985,0.0,0.7071075024246442,0.7071060599477152,0.0,44.99994155915185,0.007071057906177055,0
139,4.633333333333334,-0.18609414994716644,0.22363996505737305,-0.1050344854593277,0.0,0.0,0.0,-2.462665900184356e-18,0.0,0.0,0.0,0.0,0.0,45.00007055026808,2.462665900184356e-18,0.1501413732767105,0.19878076016902924,-0.09112655371427536,0.004999995231628418,0.005000025033950806,0.0,0.004999996949973502,0.005000002750999721,0.0,0.7071063709919186,0.7071071913809385,0.0,45.000033237432895,0.007071067600422803,0
140,4.666666666666667,-0.18609414994716644,0.22363996505737305,-0.1050344854593277,0.0,0.0,0.0,-1.4775995401106136e-18,0.0,0.0,0.0,0.0,0.0,45.000042330140005,1.4775995401106136e-18,0.15514136850833893,0.20378072559833527,-0.09112655371427536,0.004999995231628418,0.00499996542930603,0.0,0.0049999962626354685,0.004999987822322244,0.0,0.7071073780075171,0.7071061843650742,0.0,44.99995164049049,0.007071056558233669,0
141,4.7,-0.18609414994716644,0.22363996505737305,-0.1050344854593277,0.0,0.0,0.0,-8.865597240663682e-19,0.0,0.0,0.0,0.0,0.0,45.000025398076495,8.865597240663682e-19,0.16014136373996735,0.20878075063228607,-0.09112655371427536,0.004999995231628418,0.005000025033950806,0.0,0.004999995850232648,0.005000002706973669,0.0,0.7071062963415041,0.7071072660312585,0.0,45.00003928623782,0.007071066791657941,0
142,4.733333333333333,-0.18109416961669922,0.21863998472690582,-0.11003448069095612,0.004999980330467224,-0.004999980330467224,-0.004999995231628418,0.0019999921321868894,-0.00199999213218689,-0.0019999980926513673,0.5773496956414077,-0.5773496956414078,-0.5773514162843526,-44.999999971352,0.003464091428964892,0.16014136373996735,0.20878075063228607,-0.09112655371427536,0.0,0.0,0.0,0.002999997510139589,0.0030000016241842013,0.0,0.707106296341504,0.7071072660312584,0.0,45.00003928623782,0.0042426400749947645,0
143,4.766666666666667,-0.1760941743850708,0.2136399745941162,-0.11503449827432632,0.004999995231628418,-0.005000010132789612,-0.005000017583370209,0.0031999933719635007,-0.0031999993324279786,-0.003200005888938904,0.5773491579434252,-0.5773502333422612,-0.5773514162809806,-45.00005334300877,0.005542561772086398,0.16014136373996735,0.20878075063228607,-0.09112655371427536,0.0,0.0,0.0,0.0017999985060837532,0.0018000009745105206,0.0,0.7071062963415041,0.7071072660312585,0.0,45.000039286237815,0.0025455840449968583,0
144,4.8,-0.1710941642522812,0.208639994263649,-0.12003447115421295,0.005000010132789612,-0.004999980330467224,-0.004999972879886627,0.003920000076293945,-0.003919991731643677,-0.003919992685317993,0.5773510417216785,-0.5773498126929971,-0.5773499531534177,-44.99993900148812,0.006789630212850027,0.16014136373996735,0.20878075063228607,-0.09112655371427536,0.0,0.0,0.0,0.001079999103650252,0.0010800005847063122,0.0,0.7071062963415041,0.7071072660312585,0.0,45.0000392862378,0.0015273504269981148,0
145,4.833333333333333,-0.16609418392181396,0.20363996922969818,-0.12503448128700256,0.004999980330467224,-0.005000025033950806,-0.005000010132789612,0.004351992177963257,-0.004352005052566528,-0.004351999664306641,0.5773493688061718,-0.5773510767927142,-0.5773503619687168,-45.00008473645145,0.007537883321778275,0.16014136373996735,0.20878075063228607,-0.09112655371427536,0.0,0.0,0.0,0.0006479994621901511,0.0006480003508237874,0.0,0.7071062963415041,0.7071072660312585,0.0,45.00003928623779,0.0009164102561988689,0
146,4.866666666666666,-0.16109417378902435,0.19864000380039215,-0.13003447651863098,0.005000010132789612,-0.00499996542930603,-0.004999995231628418,0.004611199359893799,-0.004611189203262329,-0.004611197891235352,0.5773507543754821,-0.5773494827022398,-0.5773505704903373,-44.9999368876398,0.007986824863304653,0.16014136373996735,0.20878075063228607,-0.09112655371427536,0.0,0.0,0.0,0.0003887996773140906,0.0003888002104942724,0.0,0.707106296341504,0.7071072660312585,0.0,45.00003928623774,0.0005498461537193213,0
147,4.9,-0.15609417855739594,0.19363997876644135,-0.13003447651863098,0.004999995231628418,-0.005000025033950806,0.0,0.004766717708587646,-0.004766723535537719,-0.002766718734741211,0.6541546289970036,-0.6541554286513143,-0.3796872351394077,-45.000035007826284,0.007286836318648874,0.16014136373996735,0.20878075063228607,-0.09112655371427536,0.0,0.0,0.0,0.00023327980638845436,0.00023328012629656345,0.0,0.707106296341504,0.7071072660312585,0.0,45.00003928623768,0.0003299076922315928,0
148,4.933333333333334,-0.15109418332576752,0.18864001333713531,-0.13003447651863098,0.004999995231628418,-0.00499996542930603,0.0,0.004860028717803955,-0.004860020293045044,-0.0016600312408447265,0.6873436078950306,-0.6873424163991523,-0.23477471606716238,-44.99995032764546,0.007070741128571267,0.16014136373996735,0.20878075063228607,-0.09112655371427536,0.0,0.0,0.0,0.0001399678838330726,0.00013996807577793807,0.0,0.707106296341504,0.7071072660312586,0.0,45.00003928623756,0.00019794461533895565,1
149,4.966666666666667,-0.1460941880941391,0.1836399883031845,-0.13003447651863098,0.004999995231628418,-0.005000025033950806,0.0,0.00491601532333374,-0.004916022189407348,-0.000996018744506836,0.6999595239204465,-0.6999605015361164,-0.14181664628092858,-45.000040000096355,0.007023285140545451,0.16014136373996735,0.20878075063228607,-0.09112655371427536,0.0,0.0,0.0,8.398073029984355e-05,8.398084546676284e-05,0.0,0.707106296341504,0.7071072660312585,0.0,45.00003928623738,0.0001187667692033734,0
150,5.0,-0.14109419286251068,0.17864002287387848,-0.13003447651863098,0.004999995231628418,-0.00499996542930603,0.0,0.004949607286651611,-0.004949599485366821,-0.0005976112467041015,0.7045442959864102,-0.7045431855244317,-0.08506606094148055,-44.99995483524133,0.007025260604405039,0.16014136373996735,0.20878075063228607,-0.09112655371427536,0.0,0.0,0.0,5.038843817990613e-05,5.03885072800577e-05,0.0,0.707106296341504,0.7071072660312586,0.0,45.00003928623707,7.126006152202403e-05,0
151,5.033333333333333,-0.13609418272972107,0.17363999783992767,-0.13003447651863098,0.005000010132789612,-0.005000025033950806,0.0,0.004969768425106812,-0.004969769704800415,-0.0003585667480224609,0.7061882607162614,-0.7061884425566456,-0.0509511925862472,-45.00000736517632,0.007037455451420495,0.16014136373996735,0.20878075063228607,-0.09112655371427536,0.0,0.0,0.0,3.0233062907943676e-05,3.023310436803462e-05,0.0,0.707106296341504,0.7071072660312586,0.0,45.00003928623654,4.275603691321442e-05,0
152,5.066666666666666,-0.13109418749809265,0.16864001750946045,-0.13003447651863098,0.004999995231628418,-0.004999980330467224,0.0,0.004981859147715454,-0.004981853955067139,-0.00021514004881347654,0.706777705599096,-0.7067769689166741,-0.03052197695163568,-44.999970128463005,0.007048693115599353,0.16014136373996735,0.20878075063228607,-0.09112655371427536,0.0,0.0,0.0,1.8139837744766204e-05,1.8139862620820772e-05,0.0,0.707106296341504,0.7071072660312587,0.0,45.00003928623568,2.5653622147928647e-05,0
153,5.1,-0.12609419226646423,0.16364000737667084,-0.13003447651863098,0.004999995231628418,-0.005000010132789612,0.0,0.00498911358128064,-0.004989116426156128,-0.0001290840292880859,0.7069882716483684,-0.7069886747848317,-0.018292005839715873,-45.00001632401408,0.00705685480417991,0.16014136373996735,0.20878075063228607,-0.09112655371427536,0.0,0.0,0.0,1.0883902646859722e-05,1.0883917572492463e-05,0.0,0.707106296341504,0.7071072660312587,0.0,45.000039286234234,1.539217328875719e-05,0
154,5.133333333333334,-0.12109418958425522,0.1586400270462036,-0.13003447651863098,0.005000002682209015,-0.004999980330467224,0.0,0.0049934692216519905,-0.004993461987880567,-7.745041757285154e-05,0.7070647698070648,-0.7070637455202013,-0.010966816704337719,-44.9999584878322,0.007062251486542806,0.16014136373996735,0.20878075063228607,-0.09112655371427536,0.0,0.0,0.0,6.530341588115833e-06,6.530350543495478e-06,0.0,0.7071062963415039,0.7071072660312586,0.0,45.00003928623183,9.235303973254313e-06,0
155,5.166666666666667,-0.1160941869020462,0.153640016913414,-0.13003447651863098,0.005000002682209015,-0.005000010132789612,0.0,0.004996082605874801,-0.004996081245844185,-4.647025054371092e-05,0.7070915841060756,-0.7070913916220279,-0.006576897474057138,-44.9999921900194,0.007065679634966924,0.16014136373996735,0.20878075063228607,-0.09112655371427536,0.0,0.0,0.0,3.9182049528695e-06,3.918210326097286e-06,0.0,0.707106296341504,0.7071072660312587,0.0,45.00003928622782,5.541182383952587e-06,0
156,5.2,-0.11109418421983719,0.14864002168178558,-0.13003447651863098,0.005000002682209015,-0.004999995231628418,0.0,0.004997650636408486,-0.004997646840157878,-2.7882150326226553e-05,0.7071015474873514,-0.7071010103680377,-0.003944955955768473,-44.99997822738844,0.0070677976227988435,0.16014136373996735,0.20878075063228607,-0.09112655371427536,0.0,0.0,0.0,2.3509229717217e-06,2.3509261956583717e-06,0.0,0.7071062963415039,0.7071072660312586,0.0,45.00003928622113,3.3247094303715525e-06,0
157,5.233333333333333,-0.10609418898820877,0.14364002645015717,-0.1350344717502594,0.004999995231628418,-0.004999995231628418,-0.004999995231628418,0.004998588474496459,-0.004998586196746094,-0.0020167273828471033,0.6799766077333687,-0.6799762978825029,-0.2743429373128203,-44.999986934301084,0.007351118285022678,0.16014136373996735,0.20878075063228607,-0.09112655371427536,0.0,0.0,0.0,1.41055378303302e-06,1.410555717395023e-06,0.0,0.707106296341504,0.7071072660312586,0.0,45.00003928621,1.9948256582229315e-06,0
158,5.266666666666667,-0.10109418630599976,0.13864001631736755,-0.14003446698188782,0.005000002682209015,-0.005000010132789612,-0.004999995231628418,0.004999154157581481,-0.004999155771163501,-0.003210034522359629,0.6438477337804472,-0.6438479415958284,-0.41342462893325194,-45.00000923524562,0.007764497559427923,0.16014136373996735,0.20878075063228607,-0.09112655371427536,0.0,0.0,0.0,8.46332269819812e-07,8.463334304370138e-07,0.0,0.707106296341504,0.7071072660312586,0.0,45.00003928619143,1.196895394933759e-06,0
159,5.3,-0.09609417617321014,0.13364002108573914,-0.14003446698188782,0.005000010132789612,-0.004999995231628418,0.0,0.004999496547664734,-0.004999491555349468,-0.0019260207134157775,0.6822466396325181,-0.6822459583658581,-0.2628306964636907,-44.99997138178549,0.007327989992530616,0.16014136373996735,0.20878075063228607,-0.09112655371427536,0.0,0.0,0.0,5.077993618918872e-07,5.078000582622083e-07,0.0,0.7071062963415039,0.7071072660312585,0.0,45.00003928616048,7.181372369602554e-07,0
160,5.333333333333333,-0.09109418094158173,0.12864002585411072,-0.14003446698188782,0.004999995231628418,-0.004999995231628418,0.0,0.004999696021250208,-0.004999693025861048,-0.0011556124280494664,0.6978479377123635,-0.6978475196217159,-0.16129815618419158,-44.999982825175856,0.007164449088493207,0.16014136373996735,0.20878075063228607,-0.09112655371427536,0.0,0.0,0.0,3.046796171351323e-07,3.0468003495732497e-07,0.0,0.707106296341504,0.7071072660312586,0.0,45.0000392861089,4.308823421761532e-07,0
161,5.366666666666666,-0.08609417825937271,0.1236400231719017,-0.14003446698188782,0.005000002682209015,-0.005000002682209015,0.0,0.004999818685633731,-0.004999816888400235,-0.0006933674568296798,0.7037315080601936,-0.7037312550970527,-0.09759244418935652,-44.99998969077574,0.007104724782631265,0.16014136373996735,0.20878075063228607,-0.09112655371427536,0.0,0.0,0.0,1.8280777028107938e-07,1.8280802097439496e-07,0.0,0.707106296341504,0.7071072660312586,0.0,45.00003928602293,2.585294053056919e-07,0
162,5.4,-0.0810941830277443,0.11864002794027328,-0.14003446698188782,0.004999995231628418,-0.004999995231628418,0.0,0.004999889304031606,-0.004999888225691508,-0.0004160204740978079,0.705886159961954,-0.7058860077215134,-0.05873391930690569,-44.99999380996949,0.007083138312700578,0.16014136373996735,0.20878075063228607,-0.09112655371427536,0.0,0.0,0.0,1.0968466216864762e-07,1.0968481258463698e-07,0.0,0.707106296341504,0.7071072660312586,0.0,45.000039285879666,1.5511764318341514e-07,0
163,5.433333333333334,-0.07609418779611588,0.11364003270864487,-0.14003446698188782,0.004999995231628418,-0.004999995231628418,0.0,0.00499993167507033,-0.004999931028066272,-0.0002496122844586847,0.7066666541425621,-0.706666562698074,-0.0352790176655402,-44.999996281429596,0.00707537513728736,0.16014136373996735,0.20878075063228607,-0.09112655371427536,0.0,0.0,0.0,6.581079730118857e-08,6.581088755078219e-08,0.0,0.707106296341504,0.7071072660312586,0.0,45.000039285640895,9.307058591004908e-08,0
164,5.466666666666667,-0.07109417766332626,0.10864002257585526,-0.14003446698188782,0.005000010132789612,-0.005000010132789612,0.0,0.004999963058158042,-0.0049999626699556085,-0.00014976737067521083,0.7069482536927643,-0.7069481988045523,-0.021175712685765718,-44.99999776428813,0.0070726011869194005,0.16014136373996735,0.20878075063228607,-0.09112655371427536,0.0,0.0,0.0,3.948647838071314e-08,3.948653253046931e-08,0.0,0.7071062963415039,0.7071072660312586,0.0,45.00003928524294,5.584235154602945e-08,0
165,5.5,-0.06609417498111725,0.10364002734422684,-0.14003446698188782,0.005000002682209015,-0.004999995231628418,0.0,0.004999978907778431,-0.004999975694624732,-8.98604224051265e-05,0.7070499166364056,-0.7070494622624778,-0.012707214438767869,-44.99998157844263,0.007071606671795462,0.16014136373996735,0.20878075063228607,-0.09112655371427536,0.0,0.0,0.0,2.3691887028427883e-08,2.3691919518281585e-08,0.0,0.707106296341504,0.7071072660312587,0.0,45.0000392845797,3.350541092761766e-08,0
166,5.533333333333333,-0.06109417602419853,0.09864003211259842,-0.14003446698188782,0.004999998956918716,-0.004999995231628418,0.0,0.0049999869274345455,-0.0049999835094262065,-5.3916253443075896e-05,0.7070864683164634,-0.7070859849497106,-0.007624710581289608,-44.999980404737684,0.00707125245847125,0.16014136373996735,0.20878075063228607,-0.09112655371427536,0.0,0.0,0.0,1.421513221705673e-08,1.421515171096895e-08,0.0,0.707106296341504,0.7071072660312586,0.0,45.00003928347435,2.01032465565706e-08,0
167,5.566666666666666,-0.056094177067279816,0.09364002197980881,-0.14003446698188782,0.004999998956918716,-0.005000010132789612,0.0,0.004999991739228214,-0.004999994158771569,-3.234975206584554e-05,0.7070992102776782,-0.7070995524496826,-0.004574904386135829,-45.00001385152263,0.007071131839144205,0.16014136373996735,0.20878075063228607,-0.09112655371427536,0.0,0.0,0.0,8.529079330234037e-09,8.52909102658137e-09,0.0,0.7071062963415039,0.7071072660312586,0.0,45.00003928163223,1.206194793394236e-08,0
168,5.6,-0.0510941743850708,0.08864003419876099,-0.14003446698188782,0.005000002682209015,-0.004999987781047821,0.0,0.004999996116420534,-0.004999991607682069,-1.9409851239507322e-05,0.7071044360396055,-0.7071037984093163,-0.0027449605149193505,-44.99997415534061,0.0070710857711837076,0.16014136373996735,0.20878075063228607,-0.09112655371427536,0.0,0.0,0.0,5.117447598140422e-09,5.117454615948822e-09,0.0,0.7071062963415039,0.7071072660312587,0.0,45.00003927856243,7.237168760365415e-09,0
169,5.633333333333334,-0.04609417915344238,0.08364002406597137,-0.14003446698188782,0.004999995231628418,-0.005000010132789612,0.0,0.004999995762503688,-0.004999999017725087,-1.1645910743704393e-05,0.7071055919793491,-0.7071060523367901,-0.001646979117926739,-45.00001863959532,0.007071073711222626,0.16014136373996735,0.20878075063228607,-0.09112655371427536,0.0,0.0,0.0,3.070468558884253e-09,3.070472769569293e-09,0.0,0.707106296341504,0.7071072660312587,0.0,45.00003927344715,4.342301256219249e-09,0
170,5.666666666666667,-0.04109417647123337,0.07864002883434296,-0.14003446698188782,0.005000002682209015,-0.004999995231628418,0.0,0.004999998530385819,-0.004999997503286419,-6.9875464462226356e-06,0.7071065085628306,-0.7071063633090539,-0.0009881882046529004,-44.99999410369242,0.0070710684597545875,0.16014136373996735,0.20878075063228607,-0.09112655371427536,0.0,0.0,0.0,1.8422811353305519e-09,1.8422836617415758e-09,0.0,0.707106296341504,0.7071072660312586,0.0,45.000039264924645,2.6053807537315492e-09,0
171,5.7,-0.03609417751431465,0.07364002615213394,-0.14003446698188782,0.004999998956918716,-0.005000002682209015,0.0,0.004999998700998978,-0.004999999574855458,-4.192527867733581e-06,0.7071065951053416,-0.7071067186873098,-0.0005929129751263822,-45.00000499537052,0.0070710678356126775,0.16014136373996735,0.20878075063228607,-0.09112655371427536,0.0,0.0,0.0,1.1053686811983312e-09,1.1053701970449454e-09,0.0,0.7071062963415039,0.7071072660312585,0.0,45.00003925072869,1.5632284522389297e-09,0
172,5.733333333333333,-0.031094178557395935,0.06864002346992493,-0.14003446698188782,0.004999998956918716,-0.005000002682209015,0.0,0.004999998803366873,-0.0050000008177968815,-2.5155167206401485e-06,0.7071065940003505,-0.7071068788837671,-0.00035574777723647235,-45.000011530375026,0.007071067991432696,0.16014136373996735,0.20878075063228607,-0.09112655371427536,0.0,0.0,0.0,6.632212087189987e-10,6.632221182269673e-10,0.0,0.7071062963415039,0.7071072660312586,0.0,45.00003922709158,9.379370713433578e-10,0
173,5.766666666666667,-0.02609417773783207,0.06364002078771591,-0.14003446698188782,0.005000000819563866,-0.005000002682209015,0.0,0.00499999960984567,-0.005000001563561735,-1.509310032384089e-06,0.7071066269299588,-0.7071069032270957,-0.0002134486418537144,-45.00001118250801,0.0070710688026700335,0.16014136373996735,0.20878075063228607,-0.09112655371427536,0.0,0.0,0.0,3.979327252313992e-10,3.9793327093618035e-10,0.0,0.7071062963415039,0.7071072660312586,0.0,45.000039187759555,5.627622428060147e-10,0
174,5.8,-0.021094176918268204,0.058640025556087494,-0.14003446698188782,0.005000000819563866,-0.004999995231628418,0.0,0.005000000093732948,-0.004999999030788408,-9.055860194304534e-07,0.7071068505491938,-0.7071067002261234,-0.00012806921321930882,-44.99999389831671,0.007071067250797473,0.16014136373996735,0.20878075063228607,-0.09112655371427536,0.0,0.0,0.0,2.387596351388395e-10,2.387599625617082e-10,0.0,0.7071062963415039,0.7071072660312585,0.0,45.000039122381196,3.376573456836088e-10,0
175,5.833333333333333,-0.016094179823994637,0.05364002659916878,-0.14003446698188782,0.004999997094273567,-0.004999998956918716,0.0,0.004999998893949195,-0.004999999001240532,-5.43351611658272e-07,0.7071067715123036,-0.707106786685593,-7.684153778126648e-05,-45.00000060327504,0.007071066344415846,0.16014136373996735,0.20878075063228607,-0.09112655371427536,0.0,0.0,0.0,1.432557810833037e-10,1.4325597753702491e-10,0.0,0.707106296341504,0.7071072660312586,0.0,45.000039013900675,2.0259440741016525e-10,0
176,5.866666666666666,-0.011094178073108196,0.048640016466379166,-0.14003446698188782,0.00500000175088644,-0.005000010132789612,0.0,0.0050000000367240935,-0.005000003453860164,-3.2601096699496323e-07,0.7071065388070471,-0.7071070220628956,-4.610489695835728e-05,-45.0000195672815,0.007071070287597039,0.16014136373996735,0.20878075063228607,-0.09112655371427536,0.0,0.0,0.0,8.595346864998221e-11,8.595358652221494e-11,0.0,0.7071062963415039,0.7071072660312586,0.0,45.000038834430555,1.2155664444609914e-10,0
177,5.9,-0.00609417911618948,0.04364002123475075,-0.14003446698188782,0.004999998956918716,-0.004999995231628418,0.0,0.004999999604801943,-0.005000000164967466,-1.9560658019697793e-07,0.7071067413063088,-0.7071068205256786,-2.7662948486699945e-05,-45.000003198052944,0.007071067651773401,0.16014136373996735,0.20878075063228607,-0.09112655371427536,0.0,0.0,0.0,5.1572081189989327e-11,5.157215191332896e-11,0.0,0.7071062963415039,0.7071072660312585,0.0,45.00003853895506,7.293398666765949e-11,0
178,5.933333333333334,-0.0010941792279481888,0.03864002227783203,-0.14003446698188782,0.004999999888241291,-0.004999998956918716,0.0,0.004999999718177682,-0.004999999681747967,-1.1736394811818676e-07,0.7071067836651186,-0.7071067785131786,-1.6597769709942563e-05,-44.999999779813926,0.007071067388522822,0.16014136373996735,0.20878075063228607,-0.09112655371427536,0.0,0.0,0.0,3.094324871399359e-11,3.0943291147997377e-11,0.0,0.7071062963415039,0.7071072660312586,0.0,45.00003805636258,4.3760392000595686e-11,0
179,5.966666666666667,0.003905820893123746,0.033640019595623016,-0.14003446698188782,0.004999999888241291,-0.005000002682209015,0.0,0.004999999786203126,-0.005000000881932386,-7.041836887091205e-08,0.7071067036717258,-0.7071068586312335,-9.958660563876158e-06,-45.000006266606626,0.0070710682846593055,0.16014136373996735,0.20878075063228607,-0.09112655371427536,0.0,0.0,0.0,1.8565949228396155e-11,1.8565974688798427e-11,0.0,0.707106296341504,0.7071072660312587,0.0,45.000037278350995,2.625623520035741e-11,0
180,6.0,0.008905819617211819,0.02864002250134945,-0.14003446698188782,0.004999998956918716,-0.004999997094273567,0.0,0.004999999454489363,-0.004999999366868858,-4.225102132254723e-08,0.7071067873696306,-0.7071067749782186,-5.9751974420011806e-06,-44.999999486512266,0.007071066978566109,0.16014136373996735,0.20878075063228607,-0.09112655371427536,0.0,0.0,0.0,1.1139569537037692e-11,1.1139584813279056e-11,0.0,0.7071062963415039,0.7071072660312586,0.0,45.000036050026466,1.5753741120214448e-11,0
181,6.033333333333333,0.013905821368098259,0.023640023544430733,-0.14003446698188782,0.00500000175088644,-0.004999998956918716,0.0,0.005000000373048194,-0.004999999202888801,-2.5350612793528336e-08,0.7071068639247661,-0.7071066984392307,-3.585118194716202e-06,-44.9999932840211,0.00707106751205314,0.16014136373996735,0.20878075063228607,-0.09112655371427536,0.0,0.0,0.0,6.683741722222615e-12,6.6837508879674336e-12,0.0,0.7071062963415039,0.7071072660312587,0.0,45.00003417333637,9.452244672128667e-12,0
182,6.066666666666666,0.018905820325016975,0.018640024587512016,-0.14003446698188782,0.004999998956918716,-0.004999998956918716,0.0,0.004999999806596403,-0.004999999104500767,-1.5210367676117e-08,0.7071068308305738,-0.707106731539246,-2.1510710598503544e-06,-44.99999596582873,0.007071067041911277,0.16014136373996735,0.20878075063228607,-0.09112655371427536,0.0,0.0,0.0,4.0102450333335686e-12,4.01025053278046e-12,0.0,0.7071062963415039,0.7071072660312587,0.0,45.00003144506122,5.6713468032772e-12,0
183,6.1,0.023905817419290543,0.013640022836625576,-0.14003446698188782,0.004999997094273567,-0.00500000175088644,0.0,0.004999998721667269,-0.005000000163055036,-9.1262206056702e-09,0.7071066792644334,-0.707106883107469,-1.2906426393161662e-06,-45.00000824708532,0.007071067023251017,0.16014136373996735,0.20878075063228607,-0.09112655371427536,0.0,0.0,0.0,2.4061470200001412e-12,2.406150319668276e-12,0.0,0.7071062963415039,0.7071072660312587,0.0,45.00002775232032,3.4028080819663203e-12,0
184,6.133333333333334,0.02890581451356411,0.00864002387970686,-0.14003446698188782,0.004999997094273567,-0.004999998956918716,0.0,0.004999998070709788,-0.004999999680600508,-5.47573236340212e-09,0.7071066673498362,-0.7071068950228164,-7.743856713599221e-07,-45.000009212537286,0.007071066221803949,0.16014136373996735,0.20878075063228607,-0.09112655371427536,0.0,0.0,0.0,1.4436882120000847e-12,1.4436901918009656e-12,0.0,0.7071062963415039,0.7071072660312587,0.0,45.00002320962802,2.041684849179792e-12,0
185,6.166666666666667,0.033905815333127975,0.003640024224296212,-0.14003446698188782,0.005000000819563866,-0.004999999888241291,0.0,0.004999999170251419,-0.004999999763656822,-3.2854394180412715e-09,0.7071067392263671,-0.7071068231465729,-4.6463134786882765e-07,-45.00000338850371,0.007071067058025538,0.16014136373996735,0.20878075063228607,-0.09112655371427536,0.0,0.0,0.0,8.662129272000508e-13,8.662141150805793e-13,0.0,0.7071062963415039,0.7071072660312587,0.0,45.00001823492866,1.2250109095078752e-12,0
186,6.2,0.03890581801533699,-0.0013599736848846078,-0.14003446698188782,0.005000002682209015,-0.004999998025596142,0.0,0.005000000575034457,-0.004999999068432549,-1.9712636508247628e-09,0.7071068877193584,-0.7071066746536657,-2.787787889403177e-07,-44.99999135634746,0.007071067559758932,0.16014136373996735,0.20878075063228607,-0.09112655371427536,0.0,0.0,0.0,5.197277563200304e-13,5.197284690483475e-13,0.0,0.0,0.0,0.0,45.00001343540472,7.350065457047251e-13,0
187,6.233333333333333,0.04390581697225571,-0.006359974388033152,-0.14003446698188782,0.004999998956918716,-0.005000000819563866,0.0,0.00499999992778816,-0.004999999768885075,-1.1827581904948577e-09,0.7071067924226828,-0.7071067699503922,-1.6726727247423053e-07,-44.9999990780932,0.007071067597381163,0.16014136373996735,0.20878075063228607,-0.09112655371427536,0.0,0.0,0.0,3.118366537920182e-13,3.118370814290085e-13,0.0,0.0,0.0,0.0,45.000009338735374,4.41003927422835e-13,0
188,6.266666666666667,0.04890581965446472,-0.011359973810613155,-0.14003446698188782,0.005000002682209015,-0.004999999422580004,0.0,0.005000001029556502,-0.004999999630363046,-7.096549142969146e-10,0.7071068801244487,-0.7071066822486256,-1.0036035381736389e-07,-44.9999919717534,0.007071068278499167,0.16014136373996735,0.20878075063228607,-0.09112655371427536,0.0,0.0,0.0,1.8710199227521093e-13,1.871022488574051e-13,0.0,0.0,0.0,0.0,45.00000619200174,2.64602356453701e-13,0
189,6.3,0.05390581861138344,-0.016359973698854446,-0.14003446698188782,0.004999998956918716,-0.004999999888241291,0.0,0.005000000200501387,-0.0049999997335143445,-4.2579294857814874e-10,0.7071068142075162,-0.7071067481655748,-6.02162166615369e-08,-44.99999731290215,0.007071067765207572,0.16014136373996735,0.20878075063228607,-0.09112655371427536,0.0,0.0,0.0,1.1226119536512655e-13,1.1226134931444306e-13,0.0,0.0,0.0,0.0,45.0000039651862,1.587614138722206e-13,0
190,6.333333333333333,0.058905813843011856,-0.021359970793128014,-0.14003446698188782,0.004999995231628418,-0.004999997094273567,0.0,0.0049999982129522,-0.004999998677818033,-2.5547576914688925e-10,0.7071067483155578,-0.7071068140575347,-3.612974099208942e-08,-45.00000265202669,0.007071065613308035,0.16014136373996735,0.20878075063228607,-0.09112655371427536,0.0,0.0,0.0,6.735671721907593e-14,6.735680958866583e-14,0.0,0.0,0.0,0.0,45.00000247920275,9.525684832333235e-14,0
191,6.366666666666666,0.06390582025051117,-0.026359975337982178,-0.14003446698188782,0.005000006407499313,-0.005000004544854164,0.0,0.005000001490771045,-0.005000001024632486,-1.5328546148813355e-10,0.7071068141475119,-0.7071067482255813,-2.1677832402264076e-08,-44.99999731776431,0.007071069590524379,0.16014136373996735,0.20878075063228607,-0.09112655371427536,0.0,0.0,0.0,4.041403033144556e-14,4.04140857531995e-14,0.0,0.0,0.0,0.0,45.00000152604271,5.715410899399941e-14,0
192,6.4,0.06890581548213959,-0.031359974294900894,-0.14003446698188782,0.004999995231628418,-0.004999998956918716,0.0,0.004999998987113994,-0.005000000197546978,-9.197127689288012e-11,0.7071066955959983,-0.7071068667770863,-1.3006703773555458e-08,-45.00000692381153,0.007071067235333772,0.16014136373996735,0.20878075063228607,-0.09112655371427536,0.0,0.0,0.0,2.4248418198867336e-14,2.42484514519197e-14,0.0,0.0,0.0,0.0,45.00000093007686,3.429246539639965e-14,0
193,6.433333333333334,0.0739058181643486,-0.03635997325181961,-0.14003446698188782,0.005000002682209015,-0.004999998956918716,0.0,0.005000000465152003,-0.004999999701295674,-5.518276613572807e-11,0.7071068351993436,-0.7071067271737473,-7.80402149794479e-09,-44.99999561196653,0.007071067929561777,0.16014136373996735,0.20878075063228607,-0.09112655371427536,0.0,0.0,0.0,1.4549050919320402e-14,1.454907087115182e-14,0.0,0.0,0.0,0.0,45.0000005633812,2.057547923783979e-14,0
194,6.466666666666667,0.07890581339597702,-0.04135996848344803,-0.14003446698188782,0.004999995231628418,-0.004999995231628418,0.0,0.004999998371742569,-0.004999997913428772,-3.310965968143684e-11,0.7071068135942382,-0.7071067487788554,-4.6824147161413965e-09,-44.99999736259524,0.007071065185084947,0.16014136373996735,0.20878075063228607,-0.09112655371427536,0.0,0.0,0.0,8.729430551592241e-15,8.72944252269109e-15,0.0,0.0,0.0,0.0,45.000000339978904,1.2345287542703872e-14,0
195,6.5,0.08390581607818604,-0.046359967440366745,-0.14003446698188782,0.005000002682209015,-0.004999998956918716,0.0,0.0050000000959291475,-0.00499999833082475,-1.9865795808862104e-11,0.7071069059982851,-0.7071066563747879,-2.809448228018041e-09,-44.999989875236004,0.007071066699412598,0.16014136373996735,0.20878075063228607,-0.09112655371427536,0.0,0.0,0.0,5.237658330955345e-15,5.237665513614654e-15,0.0,0.0,0.0,0.0,45.00000020469591,7.407172525622323e-15,0
196,6.533333333333333,0.08890581876039505,-0.05135997012257576,-0.14003446698188782,0.005000002682209015,-0.005000002682209015,0.0,0.005000001130441094,-0.005000000071378456,-1.1919477485317263e-11,0.7071068560735718,-0.7071067062995153,-1.685668469026701e-09,-44.99999392055963,0.0070710686616802685,0.16014136373996735,0.20878075063228607,-0.09112655371427536,0.0,0.0,0.0,3.142594998573207e-15,3.1425993081687927e-15,0.0,0.0,0.0,0.0,45.000000123074045,4.444303515373394e-15,0
197,6.566666666666666,0.09390582144260406,-0.056359972804784775,-0.14003446698188782,0.005000002682209015,-0.005000002682209015,0.0,0.005000001751148262,-0.005000001115710679,-7.151686491190357e-12,0.7071068261187555,-0.7071067362543365,-1.0114009130138083e-09,-44.99999634775272,0.007071069839040888,0.16014136373996735,0.20878075063228607,-0.09112655371427536,0.0,0.0,0.0,1.885556999143924e-15,1.8855595849012755e-15,0.0,0.0,0.0,0.0,45.00000007393707,2.6665821092240366e-15,0
198,6.6,0.09890581667423248,-0.06135996803641319,-0.14003446698188782,0.004999995231628418,-0.004999995231628418,0.0,0.004999999143340325,-0.0049999987620777744,-4.291011894714214e-12,0.7071068081458861,-0.7071067542272079,-6.068408488886967e-10,-44.99999780406688,0.007071066330772415,0.16014136373996735,0.20878075063228607,-0.09112655371427536,0.0,0.0,0.0,1.1313341994863545e-15,1.1313357509407653e-15,0.0,0.0,0.0,0.0,45.00000004439566,1.5999492655344217e-15,0
199,6.633333333333334,0.1039058193564415,-0.06635996699333191,-0.14003446698188782,0.005000002682209015,-0.004999998956918716,0.0,0.005000000558887801,-0.004999998840014151,-2.574607136828528e-12,0.7071069027292657,-0.7071066596438084,-3.6410445495478906e-10,-44.999990140119685,0.007071067386825074,0.16014136373996735,0.20878075063228607,-0.09112655371427536,0.0,0.0,0.0,6.788005196918127e-16,6.788014505644591e-16,0.0,0.0,0.0,0.0,45.000000026649445,9.59969559320653e-16,0
200,6.666666666666667,0.10890582948923111,-0.07135996967554092,-0.14003446698188782,0.005000010132789612,-0.005000002682209015,0.0,0.005000004388448526,-0.005000000376892097,-1.5447642820971168e-12,0.7071070648462309,-0.7071064975267505,-2.1846255573626134e-10,-44.99997700402653,0.0070710711814707125,0.16014136373996735,0.20878075063228607,-0.09112655371427536,0.0,0.0,0.0,4.0728031181508757e-16,4.0728087033867546e-16,0.0,0.0,0.0,0.0,45.000000015994004,5.759817355923918e-16,0
201,6.7,0.11390582472085953,-0.07635997235774994,-0.14003446698188782,0.004999995231628418,-0.005000002682209015,0.0,0.005000000725720483,-0.005000001299018864,-9.268585692582701e-13,0.7071067406482373,-0.7071068217248555,-1.3107756936488538e-10,-45.000003273297935,0.007071069243572409,0.16014136373996735,0.20878075063228607,-0.09112655371427536,0.0,0.0,0.0,2.443681870890525e-16,2.4436852220320527e-16,0.0,0.0,0.0,0.0,45.00000000959797,3.4558904135543504e-16,0
202,6.733333333333333,0.11890582740306854,-0.08135996758937836,-0.14003446698188782,0.005000002682209015,-0.004999995231628418,0.0,0.005000001508315896,-0.004999998872062685,-5.56115141554962e-13,0.7071069675977681,-0.7071065947752779,-7.864655455125687e-11,-44.99998488392315,0.007071068080833995,0.16014136373996735,0.20878075063228607,-0.09112655371427536,0.0,0.0,0.0,1.466209122534315e-16,1.4662111332192315e-16,0.0,0.0,0.0,0.0,45.00000000575934,2.0735342481326103e-16,0
203,6.766666666666667,0.12390582263469696,-0.08635997027158737,-0.14003446698188782,0.004999995231628418,-0.005000002682209015,0.0,0.004999998997640904,-0.0050000003961212175,-3.336690849329772e-13,0.7071066822990433,-0.7071068800740379,-4.7187937386394694e-11,-45.000008001243295,0.00707106738319063,0.16014136373996735,0.20878075063228607,-0.09112655371427536,0.0,0.0,0.0,8.79725473520589e-17,8.797266799315388e-17,0.0,0.0,0.0,0.0,45.0000000034558,1.244120548879566e-16,0
204,6.8,0.12890581786632538,-0.09135998040437698,-0.14003446698188782,0.004999995231628418,-0.005000010132789612,0.0,0.0049999974912359095,-0.005000004290788575,-2.002014509597863e-13,0.7071063003854899,-0.7071072619872784,-2.8312755670001262e-11,-45.000038947100926,0.007071069071948707,0.16014136373996735,0.20878075063228607,-0.09112655371427536,0.0,0.0,0.0,5.2783528411235336e-17,5.278360079589233e-17,0.0,0.0,0.0,0.0,45.00000000207356,7.464723293277396e-17,0
205,6.833333333333333,0.133905827999115,-0.0963599756360054,-0.14003446698188782,0.005000010132789612,-0.004999995231628418,0.0,0.0050000025478573904,-0.005000000667124513,-1.2012087057587177e-13,0.7071069141743894,-0.7071066481986806,-1.6987650967746766e-11,-44.99998921273868,0.007071070085201105,0.16014136373996735,0.20878075063228607,-0.09112655371427536,0.0,0.0,0.0,3.16701170467412e-17,3.1670160477535397e-17,0.0,0.0,0.0,0.0,45.00000000124415,4.478833975966438e-17,0
206,6.866666666666666,0.1389058232307434,-0.10135996341705322,-0.14003446698188782,0.004999995231628418,-0.004999987781047821,0.0,0.0049999996213658015,-0.0049999955126938354,-7.207252234552306e-14,0.7071070717136101,-0.7071064906593656,-1.0192598817204606e-11,-44.999976447573076,0.007071064371126644,0.16014136373996735,0.20878075063228607,-0.09112655371427536,0.0,0.0,0.0,1.9002070228044722e-17,1.9002096286521236e-17,0.0,0.0,0.0,0.0,45.00000000074652,2.6873003855798624e-17,0
207,6.9,0.14390580356121063,-0.10635997354984283,-0.14003446698188782,0.004999980330467224,-0.005000010132789612,0.0,0.004999991905006371,-0.005000001360732146,-4.324351340731384e-14,0.7071061125649994,-0.7071074498074633,-6.115560432904173e-12,-45.00005416589523,0.007071063050026675,0.16014136373996735,0.20878075063228607,-0.09112655371427536,0.0,0.0,0.0,1.1401242136826833e-17,1.140125777191274e-17,0.0,0.0,0.0,0.0,45.000000000447905,1.6123802313479173e-17,0
208,6.933333333333334,0.14890579879283905,-0.11135999858379364,-0.14003446698188782,0.004999995231628418,-0.005000025033950806,0.0,0.004999993235655189,-0.0050000108300196095,-2.59461080443883e-14,0.7071055370765196,-0.7071080252943864,-3.669332296880295e-12,-45.000100796782306,0.007071070686742641,0.16014136373996735,0.20878075063228607,-0.09112655371427536,0.0,0.0,0.0,6.840745282096099e-18,6.840754663147644e-18,0.0,0.0,0.0,0.0,45.00000000026874,9.674281388087503e-18,0
209,6.966666666666667,0.15390579402446747,-0.11635999381542206,-0.14003446698188782,0.004999995231628418,-0.004999995231628418,0.0,0.004999994034044481,-0.005000004590663133,-1.556766482663298e-14,0.7071060347203874,-0.7071075276519198,-2.20160057601352e-12,-45.00006047351862,0.007071066839390842,0.16014136373996735,0.20878075063228607,-0.09112655371427536,0.0,0.0,0.0,4.10444716925766e-18,4.104452797888586e-18,0.0,0.0,0.0,0.0,45.00000000016124,5.804568832852502e-18,0
210,7.0,0.15390579402446747,-0.12135998904705048,-0.14003446698188782,0.0,-0.004999995231628418,0.0,0.0029999964204266883,-0.005000000847049247,-9.340598895979787e-15,0.514495239947624,-0.857493235000275,-1.6018998014531368e-12,-59.03627789766514,0.005830950779509816,0.16014136373996735,0.20878075063228607,-0.09112655371427536,0.0,0.0,0.0,2.4626683015545955e-18,2.4626716787331513e-18,0.0,0.0,0.0,0.0,45.00000000009675,3.4827412997115015e-18,1
